"Id","ImageId","AnswerImageId","AnswerOption","DifficultyLevel","AnswerVideoPath","ColorMeter","CourseId","BookName","CourseName","CourseTopicName","SubCourseTopicName","CourseTopicId","NewCourseTopicName","PublisherId","SubCourseTopicUniqueId","AchievementId","NewSubCourseTopicName","CourseTopicUniqueId","ExamCategoryId","ImageUrl","AnswerImageUrl","QuestionPartImageUrls","RowStatus","IsImageLarge","CropDimensions","CropPartDimensions","TagName","AchievementName","BookSectionCropId","Coordinates","IsImageCropPart"
513569,"crops/yq98dz71gt57jy56dy68dyvs","","D",1,"https://xamlvideo.pakodemy.com/?id=513569.xaml",42,1,"8.Sınıf Matematik Soru Bankası","Matematik","Çarpanlar ve Katlar, Üslü İfadeler","Çarpanlar ve Katlar, Üslü İfadeler",4037,"Karma",39,3019999,NULL,"Karma",30199,2,"https://d2cqobm8wcb2vo.cloudfront.net/crops/yntlgs/176336.jpg","","",True,False,"{""Width"":2955,""Height"":840,""NaturalWidth"" : 394.0, ""NaturalHeight"" :112.0, ""CropWidth"" : 268.0, ""CropHeight"" : 76.2, ""CropWidthRatio"":46.5,""CropHeightRatio"":9.3}",NULL,NULL,NULL,513569,"[{""A"": {""X1"": 62, ""X2"": 430, ""Y1"": 656, ""Y2"": 779}}, {""B"": {""X1"": 888, ""X2"": 1234, ""Y1"": 656, ""Y2"": 779}}, {""C"": {""X1"": 1687, ""X2"": 2044, ""Y1"": 656, ""Y2"": 779}}, {""D"": {""X1"": 2502, ""X2"": 2858, ""Y1"": 656, ""Y2"": 779}}, {""E"": {""X1"": 0, ""X2"": 0, ""Y1"": 0, ""Y2"": 0}}]",False
513565,"crops/hz87fa23pc69kf76zd20dcln","","D",4,"https://xamlvideo.pakodemy.com/?id=513565.xaml",71,1,"8.Sınıf Matematik Soru Bankası","Matematik","Çarpanlar ve Katlar, Üslü İfadeler","Çarpanlar ve Katlar, Üslü İfadeler",4037,"Karma",39,3019999,NULL,"Karma",30199,2,"https://d2cqobm8wcb2vo.cloudfront.net/crops/yntlgs/176332.jpg","","",True,False,"{""Width"":2925,""Height"":1980,""NaturalWidth"" : 390.0, ""NaturalHeight"" :264.0, ""CropWidth"" : 268.0, ""CropHeight"" : 181.4, ""CropWidthRatio"":46.5,""CropHeightRatio"":22.1}",NULL,NULL,NULL,513565,"[{""A"": {""X1"": 62, ""X2"": 544, ""Y1"": 958, ""Y2"": 1081}}, {""B"": {""X1"": 72, ""X2"": 793, ""Y1"": 1238, ""Y2"": 1361}}, {""C"": {""X1"": 67, ""X2"": 918, ""Y1"": 1518, ""Y2"": 1641}}, {""D"": {""X1"": 72, ""X2"": 799, ""Y1"": 1798, ""Y2"": 1921}}, {""E"": {""X1"": 0, ""X2"": 0, ""Y1"": 0, ""Y2"": 0}}]",False
513563,"crops/vf71vy29er48bg96sg54svfw","","B",2,"https://xamlvideo.pakodemy.com/?id=513563.xaml",86,1,"8.Sınıf Matematik Soru Bankası","Matematik","Çarpanlar ve Katlar, Üslü İfadeler","Çarpanlar ve Katlar, Üslü İfadeler",4037,"Karma",39,3019999,NULL,"Karma",30199,2,"https://d2cqobm8wcb2vo.cloudfront.net/crops/yntlgs/176330.jpg","","",True,False,"{""Width"":2925,""Height"":2550,""NaturalWidth"" : 390.0, ""NaturalHeight"" :340.0, ""CropWidth"" : 268.0, ""CropHeight"" : 233.6, ""CropWidthRatio"":46.5,""CropHeightRatio"":28.4}",NULL,NULL,NULL,513563,"[{""A"": {""X1"": 61, ""X2"": 359, ""Y1"": 2364, ""Y2"": 2487}}, {""B"": {""X1"": 911, ""X2"": 1188, ""Y1"": 2364, ""Y2"": 2487}}, {""C"": {""X1"": 1735, ""X2"": 2022, ""Y1"": 2364, ""Y2"": 2487}}, {""D"": {""X1"": 2573, ""X2"": 2857, ""Y1"": 2364, ""Y2"": 2487}}, {""E"": {""X1"": 0, ""X2"": 0, ""Y1"": 0, ""Y2"": 0}}]",False
513564,"crops/rl76gx46bk26rd32no58idnq","","C",3,"https://xamlvideo.pakodemy.com/?id=513564.xaml",42,1,"8.Sınıf Matematik Soru Bankası","Matematik","Çarpanlar ve Katlar, Üslü İfadeler","Çarpanlar ve Katlar, Üslü İfadeler",4037,"Karma",39,3019999,NULL,"Karma",30199,2,"https://d2cqobm8wcb2vo.cloudfront.net/crops/yntlgs/176331.jpg","","",True,False,"{""Width"":2925,""Height"":840,""NaturalWidth"" : 390.0, ""NaturalHeight"" :112.0, ""CropWidth"" : 268.0, ""CropHeight"" : 77.0, ""CropWidthRatio"":46.5,""CropHeightRatio"":9.4}",NULL,NULL,NULL,513564,"[{""A"": {""X1"": 61, ""X2"": 280, ""Y1"": 656, ""Y2"": 779}}, {""B"": {""X1"": 934, ""X2"": 1138, ""Y1"": 656, ""Y2"": 779}}, {""C"": {""X1"": 1786, ""X2"": 1995, ""Y1"": 656, ""Y2"": 779}}, {""D"": {""X1"": 2647, ""X2"": 2858, ""Y1"": 656, ""Y2"": 779}}, {""E"": {""X1"": 0, ""X2"": 0, ""Y1"": 0, ""Y2"": 0}}]",False
513568,"crops/nl22nq85fa34wv12rt16lytl","","D",3,"https://xamlvideo.pakodemy.com/?id=513568.xaml",87,1,"8.Sınıf Matematik Soru Bankası","Matematik","Çarpanlar ve Katlar, Üslü İfadeler","Çarpanlar ve Katlar, Üslü İfadeler",4037,"Karma",39,3019999,NULL,"Karma",30199,2,"https://d2cqobm8wcb2vo.cloudfront.net/crops/yntlgs/176335.jpg","","",True,False,"{""Width"":2925,""Height"":2640,""NaturalWidth"" : 390.0, ""NaturalHeight"" :352.0, ""CropWidth"" : 268.0, ""CropHeight"" : 241.9, ""CropWidthRatio"":46.5,""CropHeightRatio"":29.4}",NULL,NULL,NULL,513568,"[{""A"": {""X1"": 62, ""X2"": 354, ""Y1"": 2456, ""Y2"": 2579}}, {""B"": {""X1"": 910, ""X2"": 1184, ""Y1"": 2456, ""Y2"": 2579}}, {""C"": {""X1"": 1738, ""X2"": 2018, ""Y1"": 2456, ""Y2"": 2579}}, {""D"": {""X1"": 2575, ""X2"": 2858, ""Y1"": 2456, ""Y2"": 2579}}, {""E"": {""X1"": 0, ""X2"": 0, ""Y1"": 0, ""Y2"": 0}}]",False
513561,"crops/ez26nr71bo25pp37yo43gypu","","A",2,"https://xamlvideo.pakodemy.com/?id=513561.xaml",241,1,"8.Sınıf Matematik Soru Bankası","Matematik","Çarpanlar ve Katlar, Üslü İfadeler","Çarpanlar ve Katlar, Üslü İfadeler",4037,"Karma",39,3019999,NULL,"Karma",30199,2,"https://d2cqobm8wcb2vo.cloudfront.net/crops/yntlgs/176328.jpg","","",True,True,"{""Width"":5610,""Height"":4470,""NaturalWidth"" : 748.0, ""NaturalHeight"" :596.0, ""CropWidth"" : 536.0, ""CropHeight"" : 427.1, ""CropWidthRatio"":93.1,""CropHeightRatio"":52}",NULL,NULL,NULL,513561,"[{""A"": {""X1"": 62, ""X2"": 823, ""Y1"": 3807, ""Y2"": 3930}}, {""B"": {""X1"": 3119, ""X2"": 4420, ""Y1"": 3807, ""Y2"": 3930}}, {""C"": {""X1"": 67, ""X2"": 1251, ""Y1"": 4117, ""Y2"": 4245}}, {""D"": {""X1"": 3123, ""X2"": 3722, ""Y1"": 4117, ""Y2"": 4315}}, {""E"": {""X1"": 0, ""X2"": 0, ""Y1"": 0, ""Y2"": 0}}]",False
513570,"crops/ke43xq84kx67yf42wc52arum","","B",2,"https://xamlvideo.pakodemy.com/?id=513570.xaml",42,1,"8.Sınıf Matematik Soru Bankası","Matematik","Çarpanlar ve Katlar, Üslü İfadeler","Çarpanlar ve Katlar, Üslü İfadeler",4037,"Karma",39,3019999,NULL,"Karma",30199,2,"https://d2cqobm8wcb2vo.cloudfront.net/crops/yntlgs/176337.jpg","","",True,False,"{""Width"":2925,""Height"":840,""NaturalWidth"" : 390.0, ""NaturalHeight"" :112.0, ""CropWidth"" : 268.0, ""CropHeight"" : 77.0, ""CropWidthRatio"":46.5,""CropHeightRatio"":9.4}",NULL,NULL,NULL,513570,"[{""A"": {""X1"": 62, ""X2"": 285, ""Y1"": 656, ""Y2"": 779}}, {""B"": {""X1"": 888, ""X2"": 1091, ""Y1"": 656, ""Y2"": 779}}, {""C"": {""X1"": 1687, ""X2"": 1971, ""Y1"": 656, ""Y2"": 779}}, {""D"": {""X1"": 2574, ""X2"": 2858, ""Y1"": 656, ""Y2"": 779}}, {""E"": {""X1"": 0, ""X2"": 0, ""Y1"": 0, ""Y2"": 0}}]",False
513567,"crops/jq24ba89kq25np23bx40snyf","","A",4,"https://xamlvideo.pakodemy.com/?id=513567.xaml",52,1,"8.Sınıf Matematik Soru Bankası","Matematik","Çarpanlar ve Katlar, Üslü İfadeler","Çarpanlar ve Katlar, Üslü İfadeler",4037,"Karma",39,3019999,NULL,"Karma",30199,2,"https://d2cqobm8wcb2vo.cloudfront.net/crops/yntlgs/176334.jpg","","",True,False,"{""Width"":2460,""Height"":1485,""NaturalWidth"" : 328.0, ""NaturalHeight"" :198.0, ""CropWidth"" : 268.0, ""CropHeight"" : 161.8, ""CropWidthRatio"":46.5,""CropHeightRatio"":19.7}",NULL,NULL,NULL,513567,"[{""A"": {""X1"": 62, ""X2"": 961, ""Y1"": 461, ""Y2"": 584}}, {""B"": {""X1"": 73, ""X2"": 959, ""Y1"": 741, ""Y2"": 864}}, {""C"": {""X1"": 68, ""X2"": 1014, ""Y1"": 1021, ""Y2"": 1144}}, {""D"": {""X1"": 73, ""X2"": 907, ""Y1"": 1301, ""Y2"": 1424}}, {""E"": {""X1"": 0, ""X2"": 0, ""Y1"": 0, ""Y2"": 0}}]",False
513562,"crops/ar56kr64hl36dp70oi49udgr","","C",2,"https://xamlvideo.pakodemy.com/?id=513562.xaml",128,1,"8.Sınıf Matematik Soru Bankası","Matematik","Çarpanlar ve Katlar, Üslü İfadeler","Çarpanlar ve Katlar, Üslü İfadeler",4037,"Karma",39,3019999,NULL,"Karma",30199,2,"https://d2cqobm8wcb2vo.cloudfront.net/crops/yntlgs/176329.jpg","","",True,False,"{""Width"":2925,""Height"":4185,""NaturalWidth"" : 390.0, ""NaturalHeight"" :558.0, ""CropWidth"" : 268.0, ""CropHeight"" : 383.4, ""CropWidthRatio"":46.5,""CropHeightRatio"":46.7}",NULL,NULL,NULL,513562,"[{""A"": {""X1"": 63, ""X2"": 1714, ""Y1"": 3293, ""Y2"": 3418}}, {""B"": {""X1"": 73, ""X2"": 1714, ""Y1"": 3530, ""Y2"": 3655}}, {""C"": {""X1"": 68, ""X2"": 1714, ""Y1"": 3768, ""Y2"": 3893}}, {""D"": {""X1"": 73, ""X2"": 1697, ""Y1"": 4006, ""Y2"": 4131}}, {""E"": {""X1"": 0, ""X2"": 0, ""Y1"": 0, ""Y2"": 0}}]",False
513571,"crops/uu91kv51bj85lt50ks44ofms","","C",2,"https://xamlvideo.pakodemy.com/?id=513571.xaml",68,1,"8.Sınıf Matematik Soru Bankası","Matematik","Çarpanlar ve Katlar, Üslü İfadeler","Çarpanlar ve Katlar, Üslü İfadeler",4037,"Karma",39,3019999,NULL,"Karma",30199,2,"https://d2cqobm8wcb2vo.cloudfront.net/crops/yntlgs/176338.jpg","","",True,False,"{""Width"":2955,""Height"":1875,""NaturalWidth"" : 394.0, ""NaturalHeight"" :250.0, ""CropWidth"" : 268.0, ""CropHeight"" : 170.1, ""CropWidthRatio"":46.5,""CropHeightRatio"":20.7}",NULL,NULL,NULL,513571,"[{""A"": {""X1"": 62, ""X2"": 1549, ""Y1"": 851, ""Y2"": 974}}, {""B"": {""X1"": 73, ""X2"": 1567, ""Y1"": 1131, ""Y2"": 1254}}, {""C"": {""X1"": 68, ""X2"": 1919, ""Y1"": 1411, ""Y2"": 1534}}, {""D"": {""X1"": 73, ""X2"": 1919, ""Y1"": 1691, ""Y2"": 1814}}, {""E"": {""X1"": 0, ""X2"": 0, ""Y1"": 0, ""Y2"": 0}}]",False
513566,"crops/xs53qn10jj74ws68iq57rckw","","D",3,"https://xamlvideo.pakodemy.com/?id=513566.xaml",130,1,"8.Sınıf Matematik Soru Bankası","Matematik","Çarpanlar ve Katlar, Üslü İfadeler","Çarpanlar ve Katlar, Üslü İfadeler",4037,"Karma",39,3019999,NULL,"Karma",30199,2,"https://d2cqobm8wcb2vo.cloudfront.net/crops/yntlgs/176333.jpg","","",True,False,"{""Width"":3000,""Height"":4080,""NaturalWidth"" : 400.0, ""NaturalHeight"" :544.0, ""CropWidth"" : 268.0, ""CropHeight"" : 364.5, ""CropWidthRatio"":46.5,""CropHeightRatio"":44.4}",NULL,NULL,NULL,513566,"[{""A"": {""X1"": 160, ""X2"": 379, ""Y1"": 3614, ""Y2"": 3737}}, {""B"": {""X1"": 1031, ""X2"": 1235, ""Y1"": 3614, ""Y2"": 3737}}, {""C"": {""X1"": 1883, ""X2"": 2090, ""Y1"": 3614, ""Y2"": 3737}}, {""D"": {""X1"": 2744, ""X2"": 2957, ""Y1"": 3614, ""Y2"": 3737}}, {""E"": {""X1"": 0, ""X2"": 0, ""Y1"": 0, ""Y2"": 0}}]",False
513578,"crops/qz56cb71tq95hh27fs41wowj","","C",4,"https://xamlvideo.pakodemy.com/?id=513578.xaml",142,1,"8.Sınıf Matematik Soru Bankası","Matematik","Çarpanlar ve Katlar, Üslü İfadeler","Çarpanlar ve Katlar, Üslü İfadeler",4037,"Karma",39,3019999,NULL,"Karma",30199,2,"https://d2cqobm8wcb2vo.cloudfront.net/crops/yntlgs/176347.jpg","","",True,False,"{""Width"":3315,""Height"":3885,""NaturalWidth"" : 442.0, ""NaturalHeight"" :518.0, ""CropWidth"" : 268.0, ""CropHeight"" : 314.1, ""CropWidthRatio"":46.5,""CropHeightRatio"":38.2}",NULL,NULL,NULL,513578,"[{""A"": {""X1"": 63, ""X2"": 684, ""Y1"": 3428, ""Y2"": 3551}}, {""B"": {""X1"": 1900, ""X2"": 2509, ""Y1"": 3428, ""Y2"": 3551}}, {""C"": {""X1"": 67, ""X2"": 681, ""Y1"": 3708, ""Y2"": 3831}}, {""D"": {""X1"": 1900, ""X2"": 2509, ""Y1"": 3708, ""Y2"": 3831}}, {""E"": {""X1"": 0, ""X2"": 0, ""Y1"": 0, ""Y2"": 0}}]",False
513572,"crops/li95pw72za12ec36wb60sqaa","","A",3,"https://xamlvideo.pakodemy.com/?id=513572.xaml",216,1,"8.Sınıf Matematik Soru Bankası","Matematik","Çarpanlar ve Katlar, Üslü İfadeler","Çarpanlar ve Katlar, Üslü İfadeler",4037,"Karma",39,3019999,NULL,"Karma",30199,2,"https://d2cqobm8wcb2vo.cloudfront.net/crops/yntlgs/176339.jpg","","",True,True,"{""Width"":6315,""Height"":3480,""NaturalWidth"" : 842.0, ""NaturalHeight"" :464.0, ""CropWidth"" : 536.0, ""CropHeight"" : 295.4, ""CropWidthRatio"":93.1,""CropHeightRatio"":36}",NULL,NULL,NULL,513572,"[{""A"": {""X1"": 63, ""X2"": 678, ""Y1"": 3301, ""Y2"": 3424}}, {""B"": {""X1"": 1928, ""X2"": 2510, ""Y1"": 3297, ""Y2"": 3433}}, {""C"": {""X1"": 3767, ""X2"": 4370, ""Y1"": 3301, ""Y2"": 3424}}, {""D"": {""X1"": 5622, ""X2"": 6213, ""Y1"": 3301, ""Y2"": 3424}}, {""E"": {""X1"": 0, ""X2"": 0, ""Y1"": 0, ""Y2"": 0}}]",False
513580,"crops/ru54jg91si98io79ir43rfjl","","C",3,"https://xamlvideo.pakodemy.com/?id=513580.xaml",52,1,"8.Sınıf Matematik Soru Bankası","Matematik","Çarpanlar ve Katlar, Üslü İfadeler","Çarpanlar ve Katlar, Üslü İfadeler",4037,"Karma",39,3019999,NULL,"Karma",30199,2,"https://d2cqobm8wcb2vo.cloudfront.net/crops/yntlgs/176344.jpg","","",True,False,"{""Width"":2940,""Height"":1260,""NaturalWidth"" : 392.0, ""NaturalHeight"" :168.0, ""CropWidth"" : 268.0, ""CropHeight"" : 114.9, ""CropWidthRatio"":46.5,""CropHeightRatio"":14}",NULL,NULL,NULL,513580,"[{""A"": {""X1"": 160, ""X2"": 614, ""Y1"": 797, ""Y2"": 920}}, {""B"": {""X1"": 1998, ""X2"": 2443, ""Y1"": 797, ""Y2"": 920}}, {""C"": {""X1"": 165, ""X2"": 581, ""Y1"": 1076, ""Y2"": 1199}}, {""D"": {""X1"": 1998, ""X2"": 2407, ""Y1"": 1076, ""Y2"": 1199}}, {""E"": {""X1"": 0, ""X2"": 0, ""Y1"": 0, ""Y2"": 0}}]",False
513574,"crops/jx51is95fh11pc71ra83peio","","D",3,"https://xamlvideo.pakodemy.com/?id=513574.xaml",87,1,"8.Sınıf Matematik Soru Bankası","Matematik","Çarpanlar ve Katlar, Üslü İfadeler","Çarpanlar ve Katlar, Üslü İfadeler",4037,"Karma",39,3019999,NULL,"Karma",30199,2,"https://d2cqobm8wcb2vo.cloudfront.net/crops/yntlgs/176341.jpg","","",True,False,"{""Width"":2850,""Height"":2565,""NaturalWidth"" : 380.0, ""NaturalHeight"" :342.0, ""CropWidth"" : 268.0, ""CropHeight"" : 241.2, ""CropWidthRatio"":46.5,""CropHeightRatio"":29.4}",NULL,NULL,NULL,513574,"[{""A"": {""X1"": 62, ""X2"": 285, ""Y1"": 2374, ""Y2"": 2497}}, {""B"": {""X1"": 936, ""X2"": 1137, ""Y1"": 2374, ""Y2"": 2497}}, {""C"": {""X1"": 1783, ""X2"": 1994, ""Y1"": 2374, ""Y2"": 2497}}, {""D"": {""X1"": 2645, ""X2"": 2848, ""Y1"": 2374, ""Y2"": 2497}}, {""E"": {""X1"": 0, ""X2"": 0, ""Y1"": 0, ""Y2"": 0}}]",False
513576,"crops/ir35uv61zz73ns64zb68ivmb","","C",2,"https://xamlvideo.pakodemy.com/?id=513576.xaml",96,1,"8.Sınıf Matematik Soru Bankası","Matematik","Çarpanlar ve Katlar, Üslü İfadeler","Çarpanlar ve Katlar, Üslü İfadeler",4037,"Karma",39,3019999,NULL,"Karma",30199,2,"https://d2cqobm8wcb2vo.cloudfront.net/crops/yntlgs/176343.jpg","","",True,False,"{""Width"":2955,""Height"":2220,""NaturalWidth"" : 394.0, ""NaturalHeight"" :296.0, ""CropWidth"" : 268.0, ""CropHeight"" : 201.3, ""CropWidthRatio"":46.5,""CropHeightRatio"":24.5}",NULL,NULL,NULL,513576,"[{""A"": {""X1"": 100, ""X2"": 215, ""Y1"": 723, ""Y2"": 846}}, {""B"": {""X1"": 1577, ""X2"": 2800, ""Y1"": 723, ""Y2"": 1231}}, {""C"": {""X1"": 109, ""X2"": 212, ""Y1"": 1557, ""Y2"": 1680}}, {""D"": {""X1"": 1571, ""X2"": 2868, ""Y1"": 1557, ""Y2"": 2057}}]",False
513582,"crops/om95xp63dd39ph72yr51gwyl","","C",3,"https://xamlvideo.pakodemy.com/?id=513582.xaml",65,1,"8.Sınıf Matematik Soru Bankası","Matematik","Çarpanlar ve Katlar, Üslü İfadeler","Çarpanlar ve Katlar, Üslü İfadeler",4037,"Karma",39,3019999,NULL,"Karma",30199,2,"https://d2cqobm8wcb2vo.cloudfront.net/crops/yntlgs/176348.jpg","","",True,False,"{""Width"":3210,""Height"":1620,""NaturalWidth"" : 428.0, ""NaturalHeight"" :216.0, ""CropWidth"" : 268.0, ""CropHeight"" : 135.3, ""CropWidthRatio"":46.5,""CropHeightRatio"":16.5}",NULL,NULL,NULL,513582,"[{""A"": {""X1"": 100, ""X2"": 973, ""Y1"": 954, ""Y2"": 1077}}, {""B"": {""X1"": 1938, ""X2"": 2692, ""Y1"": 954, ""Y2"": 1077}}, {""C"": {""X1"": 105, ""X2"": 898, ""Y1"": 1234, ""Y2"": 1357}}, {""D"": {""X1"": 1938, ""X2"": 2727, ""Y1"": 1234, ""Y2"": 1357}}, {""E"": {""X1"": 0, ""X2"": 0, ""Y1"": 0, ""Y2"": 0}}]",False
513579,"crops/ob26xs16dp21lv84kv28taxr","","D",2,"https://xamlvideo.pakodemy.com/?id=513579.xaml",72,1,"8.Sınıf Matematik Soru Bankası","Matematik","Çarpanlar ve Katlar, Üslü İfadeler","Çarpanlar ve Katlar, Üslü İfadeler",4037,"Karma",39,3019999,NULL,"Karma",30199,2,"https://d2cqobm8wcb2vo.cloudfront.net/crops/yntlgs/176349.jpg","","",True,False,"{""Width"":3270,""Height"":1815,""NaturalWidth"" : 436.0, ""NaturalHeight"" :242.0, ""CropWidth"" : 268.0, ""CropHeight"" : 148.8, ""CropWidthRatio"":46.5,""CropHeightRatio"":18.1}",NULL,NULL,NULL,513579,"[{""A"": {""X1"": 65, ""X2"": 756, ""Y1"": 1349, ""Y2"": 1472}}, {""B"": {""X1"": 1904, ""X2"": 2588, ""Y1"": 1349, ""Y2"": 1472}}, {""C"": {""X1"": 70, ""X2"": 756, ""Y1"": 1629, ""Y2"": 1752}}, {""D"": {""X1"": 1904, ""X2"": 2587, ""Y1"": 1629, ""Y2"": 1752}}, {""E"": {""X1"": 0, ""X2"": 0, ""Y1"": 0, ""Y2"": 0}}]",False
513573,"crops/bt33kc71uo70gl73jc34givu","","B",4,"https://xamlvideo.pakodemy.com/?id=513573.xaml",50,1,"8.Sınıf Matematik Soru Bankası","Matematik","Çarpanlar ve Katlar, Üslü İfadeler","Çarpanlar ve Katlar, Üslü İfadeler",4037,"Karma",39,3019999,NULL,"Karma",30199,2,"https://d2cqobm8wcb2vo.cloudfront.net/crops/yntlgs/176340.jpg","","",True,False,"{""Width"":2925,""Height"":1170,""NaturalWidth"" : 390.0, ""NaturalHeight"" :156.0, ""CropWidth"" : 268.0, ""CropHeight"" : 107.2, ""CropWidthRatio"":46.5,""CropHeightRatio"":13}",NULL,NULL,NULL,513573,"[{""A"": {""X1"": 62, ""X2"": 807, ""Y1"": 656, ""Y2"": 779}}, {""B"": {""X1"": 1900, ""X2"": 2564, ""Y1"": 656, ""Y2"": 779}}, {""C"": {""X1"": 67, ""X2"": 735, ""Y1"": 978, ""Y2"": 1101}}, {""D"": {""X1"": 1900, ""X2"": 2528, ""Y1"": 978, ""Y2"": 1101}}, {""E"": {""X1"": 0, ""X2"": 0, ""Y1"": 0, ""Y2"": 0}}]",False
513577,"crops/th63uw90er64ry84az17ymou","","C",3,"https://xamlvideo.pakodemy.com/?id=513577.xaml",73,1,"8.Sınıf Matematik Soru Bankası","Matematik","Çarpanlar ve Katlar, Üslü İfadeler","Çarpanlar ve Katlar, Üslü İfadeler",4037,"Karma",39,3019999,NULL,"Karma",30199,2,"https://d2cqobm8wcb2vo.cloudfront.net/crops/yntlgs/176345.jpg","","",True,False,"{""Width"":3030,""Height"":2010,""NaturalWidth"" : 404.0, ""NaturalHeight"" :268.0, ""CropWidth"" : 268.0, ""CropHeight"" : 177.8, ""CropWidthRatio"":46.5,""CropHeightRatio"":21.6}",NULL,NULL,NULL,513577,"[{""A"": {""X1"": 178, ""X2"": 581, ""Y1"": 1544, ""Y2"": 1667}}, {""B"": {""X1"": 2015, ""X2"": 2356, ""Y1"": 1544, ""Y2"": 1667}}, {""C"": {""X1"": 183, ""X2"": 635, ""Y1"": 1824, ""Y2"": 1947}}, {""D"": {""X1"": 2015, ""X2"": 2462, ""Y1"": 1824, ""Y2"": 1947}}, {""E"": {""X1"": 0, ""X2"": 0, ""Y1"": 0, ""Y2"": 0}}]",False
513581,"crops/sn17ak70jj26xt16aq16xxil","","B",3,"https://xamlvideo.pakodemy.com/?id=513581.xaml",135,1,"8.Sınıf Matematik Soru Bankası","Matematik","Çarpanlar ve Katlar, Üslü İfadeler","Çarpanlar ve Katlar, Üslü İfadeler",4037,"Karma",39,3019999,NULL,"Karma",30199,2,"https://d2cqobm8wcb2vo.cloudfront.net/crops/yntlgs/176346.jpg","","",True,False,"{""Width"":3030,""Height"":3975,""NaturalWidth"" : 404.0, ""NaturalHeight"" :530.0, ""CropWidth"" : 268.0, ""CropHeight"" : 351.6, ""CropWidthRatio"":46.5,""CropHeightRatio"":42.8}",NULL,NULL,NULL,513581,"[{""A"": {""X1"": 134, ""X2"": 827, ""Y1"": 3516, ""Y2"": 3639}}, {""B"": {""X1"": 1972, ""X2"": 2652, ""Y1"": 3516, ""Y2"": 3639}}, {""C"": {""X1"": 138, ""X2"": 824, ""Y1"": 3797, ""Y2"": 3920}}, {""D"": {""X1"": 1972, ""X2"": 2653, ""Y1"": 3797, ""Y2"": 3920}}, {""E"": {""X1"": 0, ""X2"": 0, ""Y1"": 0, ""Y2"": 0}}]",False
513575,"crops/aa77yx11sv16nx55bu21zmho","","B",2,"https://xamlvideo.pakodemy.com/?id=513575.xaml",57,1,"8.Sınıf Matematik Soru Bankası","Matematik","Çarpanlar ve Katlar, Üslü İfadeler","Çarpanlar ve Katlar, Üslü İfadeler",4037,"Karma",39,3019999,NULL,"Karma",30199,2,"https://d2cqobm8wcb2vo.cloudfront.net/crops/yntlgs/176342.jpg","","",True,False,"{""Width"":2925,""Height"":1440,""NaturalWidth"" : 390.0, ""NaturalHeight"" :192.0, ""CropWidth"" : 268.0, ""CropHeight"" : 131.9, ""CropWidthRatio"":46.5,""CropHeightRatio"":16.1}",NULL,NULL,NULL,513575,"[{""A"": {""X1"": 62, ""X2"": 646, ""Y1"": 936, ""Y2"": 1059}}, {""B"": {""X1"": 1900, ""X2"": 2565, ""Y1"": 936, ""Y2"": 1059}}, {""C"": {""X1"": 66, ""X2"": 735, ""Y1"": 1259, ""Y2"": 1382}}, {""D"": {""X1"": 1900, ""X2"": 2635, ""Y1"": 1259, ""Y2"": 1382}}, {""E"": {""X1"": 0, ""X2"": 0, ""Y1"": 0, ""Y2"": 0}}]",False
513595,"crops/jr12bm82ta29tx56ep83kvby","","A",5,"https://xamlvideo.pakodemy.com/?id=513595.xaml",100,1,"8.Sınıf Matematik Soru Bankası","Matematik","Çarpanlar ve Katlar, Üslü İfadeler","Çarpanlar ve Katlar, Üslü İfadeler",4037,"Karma",39,3019999,NULL,"Karma",30199,2,"https://d2cqobm8wcb2vo.cloudfront.net/crops/yntlgs/176361.jpg","","",True,False,"{""Width"":3180,""Height"":2835,""NaturalWidth"" : 424.0, ""NaturalHeight"" :378.0, ""CropWidth"" : 268.0, ""CropHeight"" : 238.9, ""CropWidthRatio"":46.5,""CropHeightRatio"":29.1}",NULL,NULL,NULL,513595,"[{""A"": {""X1"": 65, ""X2"": 851, ""Y1"": 2324, ""Y2"": 2451}}, {""B"": {""X1"": 1904, ""X2"": 2581, ""Y1"": 2324, ""Y2"": 2448}}, {""C"": {""X1"": 70, ""X2"": 837, ""Y1"": 2647, ""Y2"": 2775}}, {""D"": {""X1"": 1904, ""X2"": 2637, ""Y1"": 2647, ""Y2"": 2770}}, {""E"": {""X1"": 0, ""X2"": 0, ""Y1"": 0, ""Y2"": 0}}]",False
513589,"crops/uv48tc93br12ta47yl76ioqn","","D",3,"https://xamlvideo.pakodemy.com/?id=513589.xaml",53,1,"8.Sınıf Matematik Soru Bankası","Matematik","Çarpanlar ve Katlar, Üslü İfadeler","Çarpanlar ve Katlar, Üslü İfadeler",4037,"Karma",39,3019999,NULL,"Karma",30199,2,"https://d2cqobm8wcb2vo.cloudfront.net/crops/yntlgs/176356.jpg","","",True,False,"{""Width"":2775,""Height"":1365,""NaturalWidth"" : 370.0, ""NaturalHeight"" :182.0, ""CropWidth"" : 268.0, ""CropHeight"" : 131.8, ""CropWidthRatio"":46.5,""CropHeightRatio"":16}",NULL,NULL,NULL,513589,"[{""A"": {""X1"": 61, ""X2"": 717, ""Y1"": 530, ""Y2"": 649}}, {""B"": {""X1"": 1688, ""X2"": 2613, ""Y1"": 530, ""Y2"": 1046}}, {""C"": {""X1"": 66, ""X2"": 893, ""Y1"": 1073, ""Y2"": 1225}}, {""D"": {""X1"": 1688, ""X2"": 2706, ""Y1"": 1073, ""Y2"": 1298}}, {""E"": {""X1"": 0, ""X2"": 0, ""Y1"": 0, ""Y2"": 0}}]",False
513583,"crops/zz40lq75yp35ms14tr54lwow","","D",3,"https://xamlvideo.pakodemy.com/?id=513583.xaml",134,1,"8.Sınıf Matematik Soru Bankası","Matematik","Çarpanlar ve Katlar, Üslü İfadeler","Çarpanlar ve Katlar, Üslü İfadeler",4037,"Karma",39,3019999,NULL,"Karma",30199,2,"https://d2cqobm8wcb2vo.cloudfront.net/crops/yntlgs/176350.jpg","","",True,True,"{""Width"":6345,""Height"":1890,""NaturalWidth"" : 846.0, ""NaturalHeight"" :252.0, ""CropWidth"" : 536.0, ""CropHeight"" : 159.7, ""CropWidthRatio"":93.1,""CropHeightRatio"":19.4}",NULL,NULL,NULL,513583,"[{""A"": {""X1"": 151, ""X2"": 855, ""Y1"": 1586, ""Y2"": 1709}}, {""B"": {""X1"": 1281, ""X2"": 1972, ""Y1"": 1586, ""Y2"": 1709}}, {""C"": {""X1"": 2391, ""X2"": 3085, ""Y1"": 1586, ""Y2"": 1709}}, {""D"": {""X1"": 3511, ""X2"": 6341, ""Y1"": 1586, ""Y2"": 1709}}, {""E"": {""X1"": 0, ""X2"": 0, ""Y1"": 0, ""Y2"": 0}}]",False
513584,"crops/mn56iy99oi44rd81zl28oeuw","","A",2,"https://xamlvideo.pakodemy.com/?id=513584.xaml",47,1,"8.Sınıf Matematik Soru Bankası","Matematik","Çarpanlar ve Katlar, Üslü İfadeler","Çarpanlar ve Katlar, Üslü İfadeler",4037,"Karma",39,3019999,NULL,"Karma",30199,2,"https://d2cqobm8wcb2vo.cloudfront.net/crops/yntlgs/176351.jpg","","",True,False,"{""Width"":2925,""Height"":1065,""NaturalWidth"" : 390.0, ""NaturalHeight"" :142.0, ""CropWidth"" : 268.0, ""CropHeight"" : 97.6, ""CropWidthRatio"":46.5,""CropHeightRatio"":11.9}",NULL,NULL,NULL,513584,"[{""A"": {""X1"": 62, ""X2"": 360, ""Y1"": 884, ""Y2"": 1007}}, {""B"": {""X1"": 913, ""X2"": 1185, ""Y1"": 884, ""Y2"": 1007}}, {""C"": {""X1"": 1736, ""X2"": 2022, ""Y1"": 884, ""Y2"": 1007}}, {""D"": {""X1"": 2575, ""X2"": 2860, ""Y1"": 884, ""Y2"": 1007}}, {""E"": {""X1"": 0, ""X2"": 0, ""Y1"": 0, ""Y2"": 0}}]",False
513593,"crops/jc67js25aj60qa28rx71eifu","","D",2,"https://xamlvideo.pakodemy.com/?id=513593.xaml",92,1,"8.Sınıf Matematik Soru Bankası","Matematik","Çarpanlar ve Katlar, Üslü İfadeler","Çarpanlar ve Katlar, Üslü İfadeler",4037,"Karma",39,3019999,NULL,"Karma",30199,2,"https://d2cqobm8wcb2vo.cloudfront.net/crops/yntlgs/176362.jpg","","",True,False,"{""Width"":3360,""Height"":2355,""NaturalWidth"" : 448.0, ""NaturalHeight"" :314.0, ""CropWidth"" : 268.0, ""CropHeight"" : 187.8, ""CropWidthRatio"":46.5,""CropHeightRatio"":22.9}",NULL,NULL,NULL,513593,"[{""A"": {""X1"": 74, ""X2"": 903, ""Y1"": 1604, ""Y2"": 1731}}, {""B"": {""X1"": 1912, ""X2"": 2742, ""Y1"": 1604, ""Y2"": 1727}}, {""C"": {""X1"": 79, ""X2"": 913, ""Y1"": 1927, ""Y2"": 2050}}, {""D"": {""X1"": 1913, ""X2"": 2743, ""Y1"": 1918, ""Y2"": 2054}}, {""E"": {""X1"": 0, ""X2"": 0, ""Y1"": 0, ""Y2"": 0}}]",False
513588,"crops/au51rm74ok25jr62tc39mrqr","","B",4,"https://xamlvideo.pakodemy.com/?id=513588.xaml",61,1,"8.Sınıf Matematik Soru Bankası","Matematik","Çarpanlar ve Katlar, Üslü İfadeler","Çarpanlar ve Katlar, Üslü İfadeler",4037,"Karma",39,3019999,NULL,"Karma",30199,2,"https://d2cqobm8wcb2vo.cloudfront.net/crops/yntlgs/176355.jpg","","",True,False,"{""Width"":2955,""Height"":1605,""NaturalWidth"" : 394.0, ""NaturalHeight"" :214.0, ""CropWidth"" : 268.0, ""CropHeight"" : 145.6, ""CropWidthRatio"":46.5,""CropHeightRatio"":17.7}",NULL,NULL,NULL,513588,"[{""A"": {""X1"": 62, ""X2"": 558, ""Y1"": 1130, ""Y2"": 1253}}, {""B"": {""X1"": 1900, ""X2"": 2384, ""Y1"": 1130, ""Y2"": 1253}}, {""C"": {""X1"": 66, ""X2"": 503, ""Y1"": 1426, ""Y2"": 1549}}, {""D"": {""X1"": 1900, ""X2"": 2386, ""Y1"": 1426, ""Y2"": 1549}}, {""E"": {""X1"": 0, ""X2"": 0, ""Y1"": 0, ""Y2"": 0}}]",False
513590,"crops/dw68dp26yv12gs72iy91hazx","","B",3,"https://xamlvideo.pakodemy.com/?id=513590.xaml",44,1,"8.Sınıf Matematik Soru Bankası","Matematik","Çarpanlar ve Katlar, Üslü İfadeler","Çarpanlar ve Katlar, Üslü İfadeler",4037,"Karma",39,3019999,NULL,"Karma",30199,2,"https://d2cqobm8wcb2vo.cloudfront.net/crops/yntlgs/176357.jpg","","",True,False,"{""Width"":3000,""Height"":900,""NaturalWidth"" : 400.0, ""NaturalHeight"" :120.0, ""CropWidth"" : 268.0, ""CropHeight"" : 80.4, ""CropWidthRatio"":46.5,""CropHeightRatio"":9.8}",NULL,NULL,NULL,513590,"[{""A"": {""X1"": 134, ""X2"": 466, ""Y1"": 719, ""Y2"": 842}}, {""B"": {""X1"": 971, ""X2"": 1287, ""Y1"": 719, ""Y2"": 842}}, {""C"": {""X1"": 1780, ""X2"": 2100, ""Y1"": 719, ""Y2"": 842}}, {""D"": {""X1"": 2606, ""X2"": 2933, ""Y1"": 719, ""Y2"": 842}}, {""E"": {""X1"": 0, ""X2"": 0, ""Y1"": 0, ""Y2"": 0}}]",False
513585,"crops/hp77fc19db46cf42vv32slfp","","D",3,"https://xamlvideo.pakodemy.com/?id=513585.xaml",75,1,"8.Sınıf Matematik Soru Bankası","Matematik","Çarpanlar ve Katlar, Üslü İfadeler","Çarpanlar ve Katlar, Üslü İfadeler",4037,"Karma",39,3019999,NULL,"Karma",30199,2,"https://d2cqobm8wcb2vo.cloudfront.net/crops/yntlgs/176352.jpg","","",True,False,"{""Width"":2925,""Height"":2100,""NaturalWidth"" : 390.0, ""NaturalHeight"" :280.0, ""CropWidth"" : 268.0, ""CropHeight"" : 192.4, ""CropWidthRatio"":46.5,""CropHeightRatio"":23.4}",NULL,NULL,NULL,513585,"[{""A"": {""X1"": 62, ""X2"": 393, ""Y1"": 1912, ""Y2"": 2035}}, {""B"": {""X1"": 896, ""X2"": 1213, ""Y1"": 1912, ""Y2"": 2035}}, {""C"": {""X1"": 1711, ""X2"": 2031, ""Y1"": 1912, ""Y2"": 2035}}, {""D"": {""X1"": 2534, ""X2"": 2860, ""Y1"": 1912, ""Y2"": 2035}}, {""E"": {""X1"": 0, ""X2"": 0, ""Y1"": 0, ""Y2"": 0}}]",False
513592,"crops/pq72bc20la72an44hz54esad","","D",3,"https://xamlvideo.pakodemy.com/?id=513592.xaml",52,1,"8.Sınıf Matematik Soru Bankası","Matematik","Çarpanlar ve Katlar, Üslü İfadeler","Çarpanlar ve Katlar, Üslü İfadeler",4037,"Karma",39,3019999,NULL,"Karma",30199,2,"https://d2cqobm8wcb2vo.cloudfront.net/crops/yntlgs/176360.jpg","","",True,False,"{""Width"":2940,""Height"":1245,""NaturalWidth"" : 392.0, ""NaturalHeight"" :166.0, ""CropWidth"" : 268.0, ""CropHeight"" : 113.5, ""CropWidthRatio"":46.5,""CropHeightRatio"":13.8}",NULL,NULL,NULL,513592,"[{""A"": {""X1"": 81, ""X2"": 609, ""Y1"": 679, ""Y2"": 802}}, {""B"": {""X1"": 1919, ""X2"": 2600, ""Y1"": 679, ""Y2"": 802}}, {""C"": {""X1"": 86, ""X2"": 646, ""Y1"": 1001, ""Y2"": 1124}}, {""D"": {""X1"": 1919, ""X2"": 2491, ""Y1"": 1001, ""Y2"": 1124}}, {""E"": {""X1"": 0, ""X2"": 0, ""Y1"": 0, ""Y2"": 0}}]",False
513586,"crops/xn33tr94ce72ec65pj46dnlc","","A",4,"https://xamlvideo.pakodemy.com/?id=513586.xaml",56,1,"8.Sınıf Matematik Soru Bankası","Matematik","Çarpanlar ve Katlar, Üslü İfadeler","Çarpanlar ve Katlar, Üslü İfadeler",4037,"Karma",39,3019999,NULL,"Karma",30199,2,"https://d2cqobm8wcb2vo.cloudfront.net/crops/yntlgs/176353.jpg","","",True,False,"{""Width"":2745,""Height"":1485,""NaturalWidth"" : 366.0, ""NaturalHeight"" :198.0, ""CropWidth"" : 268.0, ""CropHeight"" : 145.0, ""CropWidthRatio"":46.5,""CropHeightRatio"":17.6}",NULL,NULL,NULL,513586,"[{""A"": {""X1"": 62, ""X2"": 1488, ""Y1"": 461, ""Y2"": 585}}, {""B"": {""X1"": 72, ""X2"": 1392, ""Y1"": 741, ""Y2"": 864}}, {""C"": {""X1"": 67, ""X2"": 1373, ""Y1"": 1021, ""Y2"": 1145}}, {""D"": {""X1"": 73, ""X2"": 1386, ""Y1"": 1301, ""Y2"": 1425}}, {""E"": {""X1"": 0, ""X2"": 0, ""Y1"": 0, ""Y2"": 0}}]",False
513594,"crops/si21ko34wc91dt54rz33svli","","D",5,"https://xamlvideo.pakodemy.com/?id=513594.xaml",92,1,"8.Sınıf Matematik Soru Bankası","Matematik","Çarpanlar ve Katlar, Üslü İfadeler","Çarpanlar ve Katlar, Üslü İfadeler",4037,"Karma",39,3019999,NULL,"Karma",30199,2,"https://d2cqobm8wcb2vo.cloudfront.net/crops/yntlgs/176363.jpg","","",True,False,"{""Width"":3210,""Height"":2580,""NaturalWidth"" : 428.0, ""NaturalHeight"" :344.0, ""CropWidth"" : 268.0, ""CropHeight"" : 215.4, ""CropWidthRatio"":46.5,""CropHeightRatio"":26.2}",NULL,NULL,NULL,513594,"[{""A"": {""X1"": 57, ""X2"": 2365, ""Y1"": 1475, ""Y2"": 1598}}, {""B"": {""X1"": 66, ""X2"": 2368, ""Y1"": 1755, ""Y2"": 1878}}, {""C"": {""X1"": 61, ""X2"": 2400, ""Y1"": 2035, ""Y2"": 2158}}, {""D"": {""X1"": 66, ""X2"": 2366, ""Y1"": 2315, ""Y2"": 2438}}, {""E"": {""X1"": 0, ""X2"": 0, ""Y1"": 0, ""Y2"": 0}}]",False
513587,"crops/ui63nr99xq28mo24ak13uatk","","C",3,"https://xamlvideo.pakodemy.com/?id=513587.xaml",49,1,"8.Sınıf Matematik Soru Bankası","Matematik","Çarpanlar ve Katlar, Üslü İfadeler","Çarpanlar ve Katlar, Üslü İfadeler",4037,"Karma",39,3019999,NULL,"Karma",30199,2,"https://d2cqobm8wcb2vo.cloudfront.net/crops/yntlgs/176354.jpg","","",True,False,"{""Width"":2925,""Height"":1140,""NaturalWidth"" : 390.0, ""NaturalHeight"" :152.0, ""CropWidth"" : 268.0, ""CropHeight"" : 104.5, ""CropWidthRatio"":46.5,""CropHeightRatio"":12.7}",NULL,NULL,NULL,513587,"[{""A"": {""X1"": 62, ""X2"": 338, ""Y1"": 958, ""Y2"": 1081}}, {""B"": {""X1"": 914, ""X2"": 1178, ""Y1"": 958, ""Y2"": 1081}}, {""C"": {""X1"": 1747, ""X2"": 2012, ""Y1"": 958, ""Y2"": 1081}}, {""D"": {""X1"": 2588, ""X2"": 2862, ""Y1"": 958, ""Y2"": 1081}}, {""E"": {""X1"": 0, ""X2"": 0, ""Y1"": 0, ""Y2"": 0}}]",False
513591,"crops/eo67wx71ca84ql88yq61szjp","","C",5,"https://xamlvideo.pakodemy.com/?id=513591.xaml",49,1,"8.Sınıf Matematik Soru Bankası","Matematik","Çarpanlar ve Katlar, Üslü İfadeler","Çarpanlar ve Katlar, Üslü İfadeler",4037,"Karma",39,3019999,NULL,"Karma",30199,2,"https://d2cqobm8wcb2vo.cloudfront.net/crops/yntlgs/176359.jpg","","",True,False,"{""Width"":2910,""Height"":1140,""NaturalWidth"" : 388.0, ""NaturalHeight"" :152.0, ""CropWidth"" : 268.0, ""CropHeight"" : 105.0, ""CropWidthRatio"":46.5,""CropHeightRatio"":12.8}",NULL,NULL,NULL,513591,"[{""A"": {""X1"": 55, ""X2"": 811, ""Y1"": 679, ""Y2"": 802}}, {""B"": {""X1"": 1893, ""X2"": 2630, ""Y1"": 656, ""Y2"": 807}}, {""C"": {""X1"": 60, ""X2"": 829, ""Y1"": 959, ""Y2"": 1082}}, {""D"": {""X1"": 1893, ""X2"": 2546, ""Y1"": 959, ""Y2"": 1082}}, {""E"": {""X1"": 0, ""X2"": 0, ""Y1"": 0, ""Y2"": 0}}]",False
513599,"crops/bf54ho82be18py28aa95elld","","C",4,"https://xamlvideo.pakodemy.com/?id=513599.xaml",72,1,"8.Sınıf Matematik Soru Bankası","Matematik","Çarpanlar ve Katlar, Üslü İfadeler","Çarpanlar ve Katlar, Üslü İfadeler",4037,"Karma",39,3019999,NULL,"Karma",30199,2,"https://d2cqobm8wcb2vo.cloudfront.net/crops/yntlgs/176367.jpg","","",True,False,"{""Width"":2925,""Height"":1995,""NaturalWidth"" : 390.0, ""NaturalHeight"" :266.0, ""CropWidth"" : 268.0, ""CropHeight"" : 182.8, ""CropWidthRatio"":46.5,""CropHeightRatio"":22.2}",NULL,NULL,NULL,513599,"[{""A"": {""X1"": 62, ""X2"": 1734, ""Y1"": 752, ""Y2"": 1098}}, {""B"": {""X1"": 73, ""X2"": 1596, ""Y1"": 1117, ""Y2"": 1326}}, {""C"": {""X1"": 68, ""X2"": 1752, ""Y1"": 1482, ""Y2"": 1605}}, {""D"": {""X1"": 72, ""X2"": 1825, ""Y1"": 1805, ""Y2"": 1928}}, {""E"": {""X1"": 0, ""X2"": 0, ""Y1"": 0, ""Y2"": 0}}]",False
513598,"crops/dp58cw77hc73uf64rs11suln","","C",2,"https://xamlvideo.pakodemy.com/?id=513598.xaml",55,1,"8.Sınıf Matematik Soru Bankası","Matematik","Çarpanlar ve Katlar, Üslü İfadeler","Çarpanlar ve Katlar, Üslü İfadeler",4037,"Karma",39,3019999,NULL,"Karma",30199,2,"https://d2cqobm8wcb2vo.cloudfront.net/crops/yntlgs/176365.jpg","","",True,False,"{""Width"":2925,""Height"":1380,""NaturalWidth"" : 390.0, ""NaturalHeight"" :184.0, ""CropWidth"" : 268.0, ""CropHeight"" : 126.4, ""CropWidthRatio"":46.5,""CropHeightRatio"":15.4}",NULL,NULL,NULL,513598,"[{""A"": {""X1"": 62, ""X2"": 285, ""Y1"": 1043, ""Y2"": 1166}}, {""B"": {""X1"": 912, ""X2"": 1117, ""Y1"": 1043, ""Y2"": 1166}}, {""C"": {""X1"": 1735, ""X2"": 1949, ""Y1"": 1043, ""Y2"": 1166}}, {""D"": {""X1"": 2574, ""X2"": 2861, ""Y1"": 1043, ""Y2"": 1166}}, {""E"": {""X1"": 0, ""X2"": 0, ""Y1"": 0, ""Y2"": 0}}]",False
513605,"crops/he30kz28kc94yo76yz66hlmw","","B",4,"https://xamlvideo.pakodemy.com/?id=513605.xaml",123,1,"8.Sınıf Matematik Soru Bankası","Matematik","Çarpanlar ve Katlar, Üslü İfadeler","Çarpanlar ve Katlar, Üslü İfadeler",4037,"Karma",39,3019999,NULL,"Karma",30199,2,"https://d2cqobm8wcb2vo.cloudfront.net/crops/yntlgs/176364.jpg","","",True,True,"{""Width"":6255,""Height"":1755,""NaturalWidth"" : 834.0, ""NaturalHeight"" :234.0, ""CropWidth"" : 536.0, ""CropHeight"" : 150.4, ""CropWidthRatio"":93.1,""CropHeightRatio"":18.3}",NULL,NULL,NULL,513605,"[{""A"": {""X1"": 62, ""X2"": 617, ""Y1"": 1410, ""Y2"": 1533}}, {""B"": {""X1"": 1709, ""X2"": 2250, ""Y1"": 1411, ""Y2"": 1534}}, {""C"": {""X1"": 3337, ""X2"": 3881, ""Y1"": 1411, ""Y2"": 1534}}, {""D"": {""X1"": 4973, ""X2"": 6103, ""Y1"": 1393, ""Y2"": 1534}}, {""E"": {""X1"": 0, ""X2"": 0, ""Y1"": 0, ""Y2"": 0}}]",False
513596,"crops/dk27sf15nu96ry34pk23fmss","","B",2,"https://xamlvideo.pakodemy.com/?id=513596.xaml",274,1,"8.Sınıf Matematik Soru Bankası","Matematik","Çarpanlar ve Katlar, Üslü İfadeler","Çarpanlar ve Katlar, Üslü İfadeler",4037,"Karma",39,3019999,NULL,"Karma",30199,2,"https://d2cqobm8wcb2vo.cloudfront.net/crops/yntlgs/176370.jpg","","",True,True,"{""Width"":6750,""Height"":4200,""NaturalWidth"" : 900.0, ""NaturalHeight"" :560.0, ""CropWidth"" : 536.0, ""CropHeight"" : 333.5, ""CropWidthRatio"":93.1,""CropHeightRatio"":40.6}",NULL,NULL,NULL,513596,"[{""A"": {""X1"": 177, ""X2"": 942, ""Y1"": 3772, ""Y2"": 3895}}, {""B"": {""X1"": 2042, ""X2"": 2736, ""Y1"": 3772, ""Y2"": 3895}}, {""C"": {""X1"": 3831, ""X2"": 4531, ""Y1"": 3772, ""Y2"": 3895}}, {""D"": {""X1"": 5630, ""X2"": 6335, ""Y1"": 3772, ""Y2"": 3895}}, {""E"": {""X1"": 0, ""X2"": 0, ""Y1"": 0, ""Y2"": 0}}]",False
513601,"crops/rg17qa80hr77cp94ao51uecv","","D",2,"https://xamlvideo.pakodemy.com/?id=513601.xaml",140,1,"8.Sınıf Matematik Soru Bankası","Matematik","Çarpanlar ve Katlar, Üslü İfadeler","Çarpanlar ve Katlar, Üslü İfadeler",4037,"Karma",39,3019999,NULL,"Karma",30199,2,"https://d2cqobm8wcb2vo.cloudfront.net/crops/yntlgs/176369.jpg","","",True,False,"{""Width"":2925,""Height"":3795,""NaturalWidth"" : 390.0, ""NaturalHeight"" :506.0, ""CropWidth"" : 268.0, ""CropHeight"" : 347.7, ""CropWidthRatio"":46.5,""CropHeightRatio"":42.3}",NULL,NULL,NULL,513601,"[{""A"": {""X1"": 62, ""X2"": 1313, ""Y1"": 1926, ""Y2"": 2049}}, {""B"": {""X1"": 1597, ""X2"": 2360, ""Y1"": 1926, ""Y2"": 2752}}, {""C"": {""X1"": 67, ""X2"": 170, ""Y1"": 2876, ""Y2"": 2999}}, {""D"": {""X1"": 1564, ""X2"": 2839, ""Y1"": 2876, ""Y2"": 3738}}, {""E"": {""X1"": 0, ""X2"": 0, ""Y1"": 0, ""Y2"": 0}}]",False
513602,"crops/va43sm34ym12zl70em61kxkp","","A",4,"https://xamlvideo.pakodemy.com/?id=513602.xaml",77,1,"8.Sınıf Matematik Soru Bankası","Matematik","Çarpanlar ve Katlar, Üslü İfadeler","Çarpanlar ve Katlar, Üslü İfadeler",4037,"Karma",39,3019999,NULL,"Karma",30199,2,"https://d2cqobm8wcb2vo.cloudfront.net/crops/yntlgs/176371.jpg","","",True,False,"{""Width"":2895,""Height"":2265,""NaturalWidth"" : 386.0, ""NaturalHeight"" :302.0, ""CropWidth"" : 268.0, ""CropHeight"" : 209.7, ""CropWidthRatio"":46.5,""CropHeightRatio"":25.5}",NULL,NULL,NULL,513602,"[{""A"": {""X1"": 142, ""X2"": 733, ""Y1"": 1757, ""Y2"": 1885}}, {""B"": {""X1"": 1980, ""X2"": 2479, ""Y1"": 1757, ""Y2"": 1880}}, {""C"": {""X1"": 147, ""X2"": 776, ""Y1"": 2079, ""Y2"": 2202}}, {""D"": {""X1"": 1984, ""X2"": 2708, ""Y1"": 2079, ""Y2"": 2207}}, {""E"": {""X1"": 0, ""X2"": 0, ""Y1"": 0, ""Y2"": 0}}]",False
513606,"crops/hw22ct60ez11kg17zq59knif","","B",2,"https://xamlvideo.pakodemy.com/?id=513606.xaml",79,1,"8.Sınıf Matematik Soru Bankası","Matematik","Çarpanlar ve Katlar, Üslü İfadeler","Çarpanlar ve Katlar, Üslü İfadeler",4037,"Karma",39,3019999,NULL,"Karma",30199,2,"https://d2cqobm8wcb2vo.cloudfront.net/crops/yntlgs/176374.jpg","","",True,False,"{""Width"":3375,""Height"":1995,""NaturalWidth"" : 450.0, ""NaturalHeight"" :266.0, ""CropWidth"" : 268.0, ""CropHeight"" : 158.4, ""CropWidthRatio"":46.5,""CropHeightRatio"":19.3}",NULL,NULL,NULL,513606,"[{""A"": {""X1"": 82, ""X2"": 2026, ""Y1"": 763, ""Y2"": 886}}, {""B"": {""X1"": 92, ""X2"": 2080, ""Y1"": 1086, ""Y2"": 1213}}, {""C"": {""X1"": 87, ""X2"": 2080, ""Y1"": 1409, ""Y2"": 1536}}, {""D"": {""X1"": 92, ""X2"": 2026, ""Y1"": 1731, ""Y2"": 1854}}, {""E"": {""X1"": 0, ""X2"": 0, ""Y1"": 0, ""Y2"": 0}}]",False
513604,"crops/dn60hr73cd94ri45xr88xkse","","C",4,"https://xamlvideo.pakodemy.com/?id=513604.xaml",73,1,"8.Sınıf Matematik Soru Bankası","Matematik","Çarpanlar ve Katlar, Üslü İfadeler","Çarpanlar ve Katlar, Üslü İfadeler",4037,"Karma",39,3019999,NULL,"Karma",30199,2,"https://d2cqobm8wcb2vo.cloudfront.net/crops/yntlgs/176373.jpg","","",True,False,"{""Width"":3375,""Height"":1800,""NaturalWidth"" : 450.0, ""NaturalHeight"" :240.0, ""CropWidth"" : 268.0, ""CropHeight"" : 142.9, ""CropWidthRatio"":46.5,""CropHeightRatio"":17.4}",NULL,NULL,NULL,NULL,NULL,NULL
513603,"crops/om33cx74rz46is67vj95zzfg","","D",3,"https://xamlvideo.pakodemy.com/?id=513603.xaml",63,1,"8.Sınıf Matematik Soru Bankası","Matematik","Çarpanlar ve Katlar, Üslü İfadeler","Çarpanlar ve Katlar, Üslü İfadeler",4037,"Karma",39,3019999,NULL,"Karma",30199,2,"https://d2cqobm8wcb2vo.cloudfront.net/crops/yntlgs/176372.jpg","","",True,False,"{""Width"":3015,""Height"":1620,""NaturalWidth"" : 402.0, ""NaturalHeight"" :216.0, ""CropWidth"" : 268.0, ""CropHeight"" : 144.0, ""CropWidthRatio"":46.5,""CropHeightRatio"":17.5}",NULL,NULL,NULL,513603,"[{""A"": {""X1"": 160, ""X2"": 544, ""Y1"": 1434, ""Y2"": 1557}}, {""B"": {""X1"": 976, ""X2"": 1347, ""Y1"": 1435, ""Y2"": 1558}}, {""C"": {""X1"": 1773, ""X2"": 2147, ""Y1"": 1435, ""Y2"": 1558}}, {""D"": {""X1"": 2578, ""X2"": 2959, ""Y1"": 1435, ""Y2"": 1558}}, {""E"": {""X1"": 0, ""X2"": 0, ""Y1"": 0, ""Y2"": 0}}]",False
513600,"crops/tb47xy55od63xp46da23twtv","","A",2,"https://xamlvideo.pakodemy.com/?id=513600.xaml",69,1,"8.Sınıf Matematik Soru Bankası","Matematik","Çarpanlar ve Katlar, Üslü İfadeler","Çarpanlar ve Katlar, Üslü İfadeler",4037,"Karma",39,3019999,NULL,"Karma",30199,2,"https://d2cqobm8wcb2vo.cloudfront.net/crops/yntlgs/176368.jpg","","",True,False,"{""Width"":2955,""Height"":1890,""NaturalWidth"" : 394.0, ""NaturalHeight"" :252.0, ""CropWidth"" : 268.0, ""CropHeight"" : 171.4, ""CropWidthRatio"":46.5,""CropHeightRatio"":20.9}",NULL,NULL,NULL,513600,"[{""A"": {""X1"": 61, ""X2"": 520, ""Y1"": 1700, ""Y2"": 1823}}, {""B"": {""X1"": 858, ""X2"": 1290, ""Y1"": 1700, ""Y2"": 1823}}, {""C"": {""X1"": 1629, ""X2"": 2069, ""Y1"": 1700, ""Y2"": 1823}}, {""D"": {""X1"": 2413, ""X2"": 2855, ""Y1"": 1700, ""Y2"": 1823}}, {""E"": {""X1"": 0, ""X2"": 0, ""Y1"": 0, ""Y2"": 0}}]",False
513597,"crops/pc62kw74fx85fr19ew33iedu","","B",3,"https://xamlvideo.pakodemy.com/?id=513597.xaml",49,1,"8.Sınıf Matematik Soru Bankası","Matematik","Çarpanlar ve Katlar, Üslü İfadeler","Çarpanlar ve Katlar, Üslü İfadeler",4037,"Karma",39,3019999,NULL,"Karma",30199,2,"https://d2cqobm8wcb2vo.cloudfront.net/crops/yntlgs/176366.jpg","","",True,False,"{""Width"":2925,""Height"":1140,""NaturalWidth"" : 390.0, ""NaturalHeight"" :152.0, ""CropWidth"" : 268.0, ""CropHeight"" : 104.5, ""CropWidthRatio"":46.5,""CropHeightRatio"":12.7}",NULL,NULL,NULL,513597,"[{""A"": {""X1"": 62, ""X2"": 285, ""Y1"": 958, ""Y2"": 1081}}, {""B"": {""X1"": 936, ""X2"": 1142, ""Y1"": 958, ""Y2"": 1081}}, {""C"": {""X1"": 1784, ""X2"": 1996, ""Y1"": 958, ""Y2"": 1081}}, {""D"": {""X1"": 2645, ""X2"": 2860, ""Y1"": 958, ""Y2"": 1081}}, {""E"": {""X1"": 0, ""X2"": 0, ""Y1"": 0, ""Y2"": 0}}]",False
513612,"crops/dl28cr27bn33rq76wc30fgcf","","D",2,"https://xamlvideo.pakodemy.com/?id=513612.xaml",55,1,"8.Sınıf Matematik Soru Bankası","Matematik","Çarpanlar ve Katlar, Üslü İfadeler","Çarpanlar ve Katlar, Üslü İfadeler",4037,"Karma",39,3019999,NULL,"Karma",30199,2,"https://d2cqobm8wcb2vo.cloudfront.net/crops/yntlgs/176376.jpg","","",True,False,"{""Width"":2925,""Height"":1380,""NaturalWidth"" : 390.0, ""NaturalHeight"" :184.0, ""CropWidth"" : 268.0, ""CropHeight"" : 126.4, ""CropWidthRatio"":46.5,""CropHeightRatio"":15.4}",NULL,NULL,NULL,513612,"[{""A"": {""X1"": 62, ""X2"": 661, ""Y1"": 958, ""Y2"": 1081}}, {""B"": {""X1"": 1688, ""X2"": 2277, ""Y1"": 958, ""Y2"": 1081}}, {""C"": {""X1"": 67, ""X2"": 661, ""Y1"": 1196, ""Y2"": 1319}}, {""D"": {""X1"": 1688, ""X2"": 2349, ""Y1"": 1196, ""Y2"": 1319}}, {""E"": {""X1"": 0, ""X2"": 0, ""Y1"": 0, ""Y2"": 0}}]",False
513607,"crops/ya36ks34tc79jq40me55oyhx","","D",4,"https://xamlvideo.pakodemy.com/?id=513607.xaml",271,1,"8.Sınıf Matematik Soru Bankası","Matematik","Çarpanlar ve Katlar, Üslü İfadeler","Çarpanlar ve Katlar, Üslü İfadeler",4037,"Karma",39,3019999,NULL,"Karma",30199,2,"https://d2cqobm8wcb2vo.cloudfront.net/crops/yntlgs/176375.jpg","","",True,True,"{""Width"":6315,""Height"":4170,""NaturalWidth"" : 842.0, ""NaturalHeight"" :556.0, ""CropWidth"" : 536.0, ""CropHeight"" : 353.9, ""CropWidthRatio"":93.1,""CropHeightRatio"":43.1}",NULL,NULL,NULL,513607,"[{""A"": {""X1"": 62, ""X2"": 840, ""Y1"": 3980, ""Y2"": 4103}}, {""B"": {""X1"": 1952, ""X2"": 2642, ""Y1"": 3981, ""Y2"": 4104}}, {""C"": {""X1"": 3748, ""X2"": 4265, ""Y1"": 3981, ""Y2"": 4104}}, {""D"": {""X1"": 5375, ""X2"": 6219, ""Y1"": 3981, ""Y2"": 4104}}, {""E"": {""X1"": 0, ""X2"": 0, ""Y1"": 0, ""Y2"": 0}}]",False
513610,"crops/eq44fs19pr81yk10xk67gszu","","A",3,"https://xamlvideo.pakodemy.com/?id=513610.xaml",56,1,"8.Sınıf Matematik Soru Bankası","Matematik","Çarpanlar ve Katlar, Üslü İfadeler","Çarpanlar ve Katlar, Üslü İfadeler",4037,"Karma",39,3019999,NULL,"Karma",30199,2,"https://d2cqobm8wcb2vo.cloudfront.net/crops/yntlgs/176385.jpg","","",True,False,"{""Width"":3270,""Height"":1275,""NaturalWidth"" : 436.0, ""NaturalHeight"" :170.0, ""CropWidth"" : 268.0, ""CropHeight"" : 104.5, ""CropWidthRatio"":46.5,""CropHeightRatio"":12.7}",NULL,NULL,NULL,513610,"[{""A"": {""X1"": 66, ""X2"": 395, ""Y1"": 1097, ""Y2"": 1220}}, {""B"": {""X1"": 900, ""X2"": 1163, ""Y1"": 1097, ""Y2"": 1220}}, {""C"": {""X1"": 1662, ""X2"": 1980, ""Y1"": 1097, ""Y2"": 1220}}, {""D"": {""X1"": 2485, ""X2"": 2863, ""Y1"": 1078, ""Y2"": 1220}}, {""E"": {""X1"": 0, ""X2"": 0, ""Y1"": 0, ""Y2"": 0}}]",False
513611,"crops/rw42ws87qr93xe57sx23llgd","","D",4,"https://xamlvideo.pakodemy.com/?id=513611.xaml",62,1,"8.Sınıf Matematik Soru Bankası","Matematik","Çarpanlar ve Katlar, Üslü İfadeler","Çarpanlar ve Katlar, Üslü İfadeler",4037,"Karma",39,3019999,NULL,"Karma",30199,2,"https://d2cqobm8wcb2vo.cloudfront.net/crops/yntlgs/176386.jpg","","",True,False,"{""Width"":3210,""Height"":1455,""NaturalWidth"" : 428.0, ""NaturalHeight"" :194.0, ""CropWidth"" : 268.0, ""CropHeight"" : 121.5, ""CropWidthRatio"":46.5,""CropHeightRatio"":14.8}",NULL,NULL,NULL,513611,"[{""A"": {""X1"": 74, ""X2"": 961, ""Y1"": 712, ""Y2"": 835}}, {""B"": {""X1"": 1912, ""X2"": 2514, ""Y1"": 712, ""Y2"": 915}}, {""C"": {""X1"": 79, ""X2"": 938, ""Y1"": 1145, ""Y2"": 1268}}, {""D"": {""X1"": 1912, ""X2"": 2872, ""Y1"": 1145, ""Y2"": 1268}}, {""E"": {""X1"": 0, ""X2"": 0, ""Y1"": 0, ""Y2"": 0}}]",False
513617,"crops/nq94km82sh73gh55hv63owfn","","C",1,"https://xamlvideo.pakodemy.com/?id=513617.xaml",71,1,"8.Sınıf Matematik Soru Bankası","Matematik","Çarpanlar ve Katlar, Üslü İfadeler","Çarpanlar ve Katlar, Üslü İfadeler",4037,"Karma",39,3019999,NULL,"Karma",30199,2,"https://d2cqobm8wcb2vo.cloudfront.net/crops/yntlgs/176382.jpg","","",True,False,"{""Width"":2955,""Height"":1980,""NaturalWidth"" : 394.0, ""NaturalHeight"" :264.0, ""CropWidth"" : 268.0, ""CropHeight"" : 179.6, ""CropWidthRatio"":46.5,""CropHeightRatio"":21.9}",NULL,NULL,NULL,513617,"[{""A"": {""X1"": 99, ""X2"": 1610, ""Y1"": 959, ""Y2"": 1082}}, {""B"": {""X1"": 109, ""X2"": 1613, ""Y1"": 1239, ""Y2"": 1362}}, {""C"": {""X1"": 104, ""X2"": 1613, ""Y1"": 1519, ""Y2"": 1642}}, {""D"": {""X1"": 109, ""X2"": 1610, ""Y1"": 1799, ""Y2"": 1922}}, {""E"": {""X1"": 0, ""X2"": 0, ""Y1"": 0, ""Y2"": 0}}]",False
513613,"crops/kz10je85gv41bd65ma61ckvc","","C",3,"https://xamlvideo.pakodemy.com/?id=513613.xaml",61,1,"8.Sınıf Matematik Soru Bankası","Matematik","Çarpanlar ve Katlar, Üslü İfadeler","Çarpanlar ve Katlar, Üslü İfadeler",4037,"Karma",39,3019999,NULL,"Karma",30199,2,"https://d2cqobm8wcb2vo.cloudfront.net/crops/yntlgs/176377.jpg","","",True,False,"{""Width"":2925,""Height"":1620,""NaturalWidth"" : 390.0, ""NaturalHeight"" :216.0, ""CropWidth"" : 268.0, ""CropHeight"" : 148.4, ""CropWidthRatio"":46.5,""CropHeightRatio"":18.1}",NULL,NULL,NULL,513613,"[{""A"": {""X1"": 62, ""X2"": 736, ""Y1"": 1195, ""Y2"": 1318}}, {""B"": {""X1"": 1688, ""X2"": 2279, ""Y1"": 1195, ""Y2"": 1318}}, {""C"": {""X1"": 67, ""X2"": 807, ""Y1"": 1433, ""Y2"": 1556}}, {""D"": {""X1"": 1687, ""X2"": 2351, ""Y1"": 1433, ""Y2"": 1556}}, {""E"": {""X1"": 0, ""X2"": 0, ""Y1"": 0, ""Y2"": 0}}]",False
513615,"crops/js20xj30va12yt36eb68cnyw","","A",3,"https://xamlvideo.pakodemy.com/?id=513615.xaml",57,1,"8.Sınıf Matematik Soru Bankası","Matematik","Çarpanlar ve Katlar, Üslü İfadeler","Çarpanlar ve Katlar, Üslü İfadeler",4037,"Karma",39,3019999,NULL,"Karma",30199,2,"https://d2cqobm8wcb2vo.cloudfront.net/crops/yntlgs/176380.jpg","","",True,False,"{""Width"":3060,""Height"":1380,""NaturalWidth"" : 408.0, ""NaturalHeight"" :184.0, ""CropWidth"" : 268.0, ""CropHeight"" : 120.9, ""CropWidthRatio"":46.5,""CropHeightRatio"":14.7}",NULL,NULL,NULL,513615,"[{""A"": {""X1"": 169, ""X2"": 1175, ""Y1"": 959, ""Y2"": 1082}}, {""B"": {""X1"": 1794, ""X2"": 2795, ""Y1"": 959, ""Y2"": 1086}}, {""C"": {""X1"": 174, ""X2"": 1175, ""Y1"": 1196, ""Y2"": 1323}}, {""D"": {""X1"": 1794, ""X2"": 2791, ""Y1"": 1196, ""Y2"": 1323}}, {""E"": {""X1"": 0, ""X2"": 0, ""Y1"": 0, ""Y2"": 0}}]",False
513618,"crops/tg36io84ww30wh81uz98chgj","","A",3,"https://xamlvideo.pakodemy.com/?id=513618.xaml",45,1,"8.Sınıf Matematik Soru Bankası","Matematik","Çarpanlar ve Katlar, Üslü İfadeler","Çarpanlar ve Katlar, Üslü İfadeler",4037,"Karma",39,3019999,NULL,"Karma",30199,2,"https://d2cqobm8wcb2vo.cloudfront.net/crops/yntlgs/176383.jpg","","",True,False,"{""Width"":2985,""Height"":945,""NaturalWidth"" : 398.0, ""NaturalHeight"" :126.0, ""CropWidth"" : 268.0, ""CropHeight"" : 84.8, ""CropWidthRatio"":46.5,""CropHeightRatio"":10.3}",NULL,NULL,NULL,513618,"[{""A"": {""X1"": 134, ""X2"": 466, ""Y1"": 764, ""Y2"": 887}}, {""B"": {""X1"": 1004, ""X2"": 1318, ""Y1"": 764, ""Y2"": 887}}, {""C"": {""X1"": 1854, ""X2"": 2119, ""Y1"": 764, ""Y2"": 887}}, {""D"": {""X1"": 2660, ""X2"": 2935, ""Y1"": 764, ""Y2"": 887}}, {""E"": {""X1"": 0, ""X2"": 0, ""Y1"": 0, ""Y2"": 0}}]",False
513614,"crops/hd64yh11co91ix39cs15ghwg","","D",5,"https://xamlvideo.pakodemy.com/?id=513614.xaml",77,1,"8.Sınıf Matematik Soru Bankası","Matematik","Çarpanlar ve Katlar, Üslü İfadeler","Çarpanlar ve Katlar, Üslü İfadeler",4037,"Karma",39,3019999,NULL,"Karma",30199,2,"https://d2cqobm8wcb2vo.cloudfront.net/crops/yntlgs/176379.jpg","","",True,False,"{""Width"":2925,""Height"":2235,""NaturalWidth"" : 390.0, ""NaturalHeight"" :298.0, ""CropWidth"" : 268.0, ""CropHeight"" : 204.8, ""CropWidthRatio"":46.5,""CropHeightRatio"":24.9}",NULL,NULL,NULL,513614,"[{""A"": {""X1"": 63, ""X2"": 2239, ""Y1"": 1217, ""Y2"": 1340}}, {""B"": {""X1"": 72, ""X2"": 2238, ""Y1"": 1496, ""Y2"": 1619}}, {""C"": {""X1"": 67, ""X2"": 2238, ""Y1"": 1777, ""Y2"": 1900}}, {""D"": {""X1"": 72, ""X2"": 2238, ""Y1"": 2057, ""Y2"": 2180}}, {""E"": {""X1"": 0, ""X2"": 0, ""Y1"": 0, ""Y2"": 0}}]",False
513609,"crops/ub88ac26jo91qw94ej97outi","","B",2,"https://xamlvideo.pakodemy.com/?id=513609.xaml",44,1,"8.Sınıf Matematik Soru Bankası","Matematik","Çarpanlar ve Katlar, Üslü İfadeler","Çarpanlar ve Katlar, Üslü İfadeler",4037,"Karma",39,3019999,NULL,"Karma",30199,2,"https://d2cqobm8wcb2vo.cloudfront.net/crops/yntlgs/176378.jpg","","",True,False,"{""Width"":2925,""Height"":945,""NaturalWidth"" : 390.0, ""NaturalHeight"" :126.0, ""CropWidth"" : 268.0, ""CropHeight"" : 86.6, ""CropWidthRatio"":46.5,""CropHeightRatio"":10.5}",NULL,NULL,NULL,513609,"[{""A"": {""X1"": 62, ""X2"": 285, ""Y1"": 763, ""Y2"": 886}}, {""B"": {""X1"": 936, ""X2"": 1137, ""Y1"": 763, ""Y2"": 886}}, {""C"": {""X1"": 1783, ""X2"": 1999, ""Y1"": 763, ""Y2"": 886}}, {""D"": {""X1"": 2646, ""X2"": 2860, ""Y1"": 763, ""Y2"": 886}}, {""E"": {""X1"": 0, ""X2"": 0, ""Y1"": 0, ""Y2"": 0}}]",False
513616,"crops/kf78en16gp55vo83sr77kwpl","","A",4,"https://xamlvideo.pakodemy.com/?id=513616.xaml",74,1,"8.Sınıf Matematik Soru Bankası","Matematik","Çarpanlar ve Katlar, Üslü İfadeler","Çarpanlar ve Katlar, Üslü İfadeler",4037,"Karma",39,3019999,NULL,"Karma",30199,2,"https://d2cqobm8wcb2vo.cloudfront.net/crops/yntlgs/176381.jpg","","",True,False,"{""Width"":3045,""Height"":2040,""NaturalWidth"" : 406.0, ""NaturalHeight"" :272.0, ""CropWidth"" : 268.0, ""CropHeight"" : 179.5, ""CropWidthRatio"":46.5,""CropHeightRatio"":21.9}",NULL,NULL,NULL,513616,"[{""A"": {""X1"": 151, ""X2"": 1884, ""Y1"": 679, ""Y2"": 893}}, {""B"": {""X1"": 161, ""X2"": 1987, ""Y1"": 1094, ""Y2"": 1217}}, {""C"": {""X1"": 156, ""X2"": 1884, ""Y1"": 1434, ""Y2"": 1647}}, {""D"": {""X1"": 161, ""X2"": 1987, ""Y1"": 1849, ""Y2"": 1972}}, {""E"": {""X1"": 0, ""X2"": 0, ""Y1"": 0, ""Y2"": 0}}]",False
513608,"crops/wn36fk16nk34um56hr31yqip","","C",3,"https://xamlvideo.pakodemy.com/?id=513608.xaml",61,1,"8.Sınıf Matematik Soru Bankası","Matematik","Çarpanlar ve Katlar, Üslü İfadeler","Çarpanlar ve Katlar, Üslü İfadeler",4037,"Karma",39,3019999,NULL,"Karma",30199,2,"https://d2cqobm8wcb2vo.cloudfront.net/crops/yntlgs/176387.jpg","","",True,False,"{""Width"":3195,""Height"":1470,""NaturalWidth"" : 426.0, ""NaturalHeight"" :196.0, ""CropWidth"" : 268.0, ""CropHeight"" : 123.3, ""CropWidthRatio"":46.5,""CropHeightRatio"":15}",NULL,NULL,NULL,NULL,NULL,NULL
513619,"crops/ml39cj11cg45zu99wr52zsoq","","C",2,"https://xamlvideo.pakodemy.com/?id=513619.xaml",106,1,"8.Sınıf Matematik Soru Bankası","Matematik","Çarpanlar ve Katlar, Üslü İfadeler","Çarpanlar ve Katlar, Üslü İfadeler",4037,"Karma",39,3019999,NULL,"Karma",30199,2,"https://d2cqobm8wcb2vo.cloudfront.net/crops/yntlgs/176384.jpg","","",True,False,"{""Width"":3450,""Height"":2160,""NaturalWidth"" : 460.0, ""NaturalHeight"" :288.0, ""CropWidth"" : 268.0, ""CropHeight"" : 167.8, ""CropWidthRatio"":46.5,""CropHeightRatio"":20.4}",NULL,NULL,NULL,513619,"[{""A"": {""X1"": 91, ""X2"": 838, ""Y1"": 1739, ""Y2"": 1862}}, {""B"": {""X1"": 1717, ""X2"": 2382, ""Y1"": 1739, ""Y2"": 1862}}, {""C"": {""X1"": 96, ""X2"": 838, ""Y1"": 1976, ""Y2"": 2099}}, {""D"": {""X1"": 1717, ""X2"": 2381, ""Y1"": 1976, ""Y2"": 2099}}, {""E"": {""X1"": 0, ""X2"": 0, ""Y1"": 0, ""Y2"": 0}}]",False
513624,"crops/nc23zi30xy44gc21uw13ajka","","A",3,"https://xamlvideo.pakodemy.com/?id=513624.xaml",102,1,"8.Sınıf Matematik Soru Bankası","Matematik","Çarpanlar ve Katlar, Üslü İfadeler","Çarpanlar ve Katlar, Üslü İfadeler",4037,"Karma",39,3019999,NULL,"Karma",30199,2,"https://d2cqobm8wcb2vo.cloudfront.net/crops/yntlgs/176395.jpg","","",True,False,"{""Width"":2955,""Height"":2475,""NaturalWidth"" : 394.0, ""NaturalHeight"" :330.0, ""CropWidth"" : 268.0, ""CropHeight"" : 224.5, ""CropWidthRatio"":46.5,""CropHeightRatio"":27.3}",NULL,NULL,NULL,513624,"[{""A"": {""X1"": 61, ""X2"": 359, ""Y1"": 2295, ""Y2"": 2418}}, {""B"": {""X1"": 935, ""X2"": 1210, ""Y1"": 2295, ""Y2"": 2418}}, {""C"": {""X1"": 1783, ""X2"": 2069, ""Y1"": 2295, ""Y2"": 2418}}, {""D"": {""X1"": 2645, ""X2"": 2859, ""Y1"": 2295, ""Y2"": 2418}}, {""E"": {""X1"": 0, ""X2"": 0, ""Y1"": 0, ""Y2"": 0}}]",False
513629,"crops/dm78nz63ev44dz40jk21wsbz","","A",3,"https://xamlvideo.pakodemy.com/?id=513629.xaml",65,1,"8.Sınıf Matematik Soru Bankası","Matematik","Çarpanlar ve Katlar, Üslü İfadeler","Çarpanlar ve Katlar, Üslü İfadeler",4037,"Karma",39,3019999,NULL,"Karma",30199,2,"https://d2cqobm8wcb2vo.cloudfront.net/crops/yntlgs/176400.jpg","","",True,False,"{""Width"":3465,""Height"":1485,""NaturalWidth"" : 462.0, ""NaturalHeight"" :198.0, ""CropWidth"" : 268.0, ""CropHeight"" : 114.9, ""CropWidthRatio"":46.5,""CropHeightRatio"":14}",NULL,NULL,NULL,513629,"[{""A"": {""X1"": 144, ""X2"": 494, ""Y1"": 764, ""Y2"": 887}}, {""B"": {""X1"": 1982, ""X2"": 2319, ""Y1"": 764, ""Y2"": 887}}, {""C"": {""X1"": 149, ""X2"": 490, ""Y1"": 1044, ""Y2"": 1167}}, {""D"": {""X1"": 1982, ""X2"": 2319, ""Y1"": 1044, ""Y2"": 1167}}, {""E"": {""X1"": 0, ""X2"": 0, ""Y1"": 0, ""Y2"": 0}}]",False
513627,"crops/nl99dl95yk94yz48eq26fxdv","","A",5,"https://xamlvideo.pakodemy.com/?id=513627.xaml",63,1,"8.Sınıf Matematik Soru Bankası","Matematik","Çarpanlar ve Katlar, Üslü İfadeler","Çarpanlar ve Katlar, Üslü İfadeler",4037,"Karma",39,3019999,NULL,"Karma",30199,2,"https://d2cqobm8wcb2vo.cloudfront.net/crops/yntlgs/176402.jpg","","",True,False,"{""Width"":3270,""Height"":1500,""NaturalWidth"" : 436.0, ""NaturalHeight"" :200.0, ""CropWidth"" : 268.0, ""CropHeight"" : 122.9, ""CropWidthRatio"":46.5,""CropHeightRatio"":15}",NULL,NULL,NULL,513627,"[{""A"": {""X1"": 56, ""X2"": 279, ""Y1"": 947, ""Y2"": 1070}}, {""B"": {""X1"": 930, ""X2"": 1132, ""Y1"": 947, ""Y2"": 1070}}, {""C"": {""X1"": 1778, ""X2"": 1994, ""Y1"": 947, ""Y2"": 1070}}, {""D"": {""X1"": 2641, ""X2"": 2853, ""Y1"": 947, ""Y2"": 1070}}, {""E"": {""X1"": 0, ""X2"": 0, ""Y1"": 0, ""Y2"": 0}}]",False
513625,"crops/bi56ku59jv15vh55qk13rzdh","","D",2,"https://xamlvideo.pakodemy.com/?id=513625.xaml",56,1,"8.Sınıf Matematik Soru Bankası","Matematik","Çarpanlar ve Katlar, Üslü İfadeler","Çarpanlar ve Katlar, Üslü İfadeler",4037,"Karma",39,3019999,NULL,"Karma",30199,2,"https://d2cqobm8wcb2vo.cloudfront.net/crops/yntlgs/176401.jpg","","",True,False,"{""Width"":3270,""Height"":1275,""NaturalWidth"" : 436.0, ""NaturalHeight"" :170.0, ""CropWidth"" : 268.0, ""CropHeight"" : 104.5, ""CropWidthRatio"":46.5,""CropHeightRatio"":12.7}",NULL,NULL,NULL,513625,"[{""A"": {""X1"": 39, ""X2"": 266, ""Y1"": 865, ""Y2"": 988}}, {""B"": {""X1"": 865, ""X2"": 1069, ""Y1"": 865, ""Y2"": 988}}, {""C"": {""X1"": 1663, ""X2"": 1947, ""Y1"": 865, ""Y2"": 988}}, {""D"": {""X1"": 2550, ""X2"": 2837, ""Y1"": 865, ""Y2"": 988}}, {""E"": {""X1"": 0, ""X2"": 0, ""Y1"": 0, ""Y2"": 0}}]",False
513631,"crops/zj24uu33is63mp68vl15rmzp","","D",3,"https://xamlvideo.pakodemy.com/?id=513631.xaml",113,1,"8.Sınıf Matematik Soru Bankası","Matematik","Çarpanlar ve Katlar, Üslü İfadeler","Çarpanlar ve Katlar, Üslü İfadeler",4037,"Karma",39,3019999,NULL,"Karma",30199,2,"https://d2cqobm8wcb2vo.cloudfront.net/crops/yntlgs/176397.jpg","","",True,False,"{""Width"":3090,""Height"":3405,""NaturalWidth"" : 412.0, ""NaturalHeight"" :454.0, ""CropWidth"" : 268.0, ""CropHeight"" : 295.3, ""CropWidthRatio"":46.5,""CropHeightRatio"":35.9}",NULL,NULL,NULL,513631,"[{""A"": {""X1"": 195, ""X2"": 2220, ""Y1"": 2382, ""Y2"": 2506}}, {""B"": {""X1"": 205, ""X2"": 968, ""Y1"": 2663, ""Y2"": 2786}}, {""C"": {""X1"": 199, ""X2"": 2909, ""Y1"": 2942, ""Y2"": 3066}}, {""D"": {""X1"": 204, ""X2"": 2497, ""Y1"": 3223, ""Y2"": 3347}}, {""E"": {""X1"": 0, ""X2"": 0, ""Y1"": 0, ""Y2"": 0}}]",False
513620,"crops/ln29nx58qg60tk76wq86fpia","","A",3,"https://xamlvideo.pakodemy.com/?id=513620.xaml",85,1,"8.Sınıf Matematik Soru Bankası","Matematik","Çarpanlar ve Katlar, Üslü İfadeler","Çarpanlar ve Katlar, Üslü İfadeler",4037,"Karma",39,3019999,NULL,"Karma",30199,2,"https://d2cqobm8wcb2vo.cloudfront.net/crops/yntlgs/176399.jpg","","",True,False,"{""Width"":3255,""Height"":2265,""NaturalWidth"" : 434.0, ""NaturalHeight"" :302.0, ""CropWidth"" : 268.0, ""CropHeight"" : 186.5, ""CropWidthRatio"":46.5,""CropHeightRatio"":22.7}",NULL,NULL,NULL,513620,"[{""A"": {""X1"": 359, ""X2"": 939, ""Y1"": 1799, ""Y2"": 1931}}, {""B"": {""X1"": 2201, ""X2"": 2692, ""Y1"": 1799, ""Y2"": 1922}}, {""C"": {""X1"": 365, ""X2"": 994, ""Y1"": 2079, ""Y2"": 2202}}, {""D"": {""X1"": 2202, ""X2"": 2746, ""Y1"": 2079, ""Y2"": 2202}}, {""E"": {""X1"": 0, ""X2"": 0, ""Y1"": 0, ""Y2"": 0}}]",False
513623,"crops/ig15go54ee21rf14fn66gozu","","B",3,"https://xamlvideo.pakodemy.com/?id=513623.xaml",65,1,"8.Sınıf Matematik Soru Bankası","Matematik","Çarpanlar ve Katlar, Üslü İfadeler","Çarpanlar ve Katlar, Üslü İfadeler",4037,"Karma",39,3019999,NULL,"Karma",30199,2,"https://d2cqobm8wcb2vo.cloudfront.net/crops/yntlgs/176394.jpg","","",True,False,"{""Width"":2910,""Height"":1785,""NaturalWidth"" : 388.0, ""NaturalHeight"" :238.0, ""CropWidth"" : 268.0, ""CropHeight"" : 164.4, ""CropWidthRatio"":46.5,""CropHeightRatio"":20}",NULL,NULL,NULL,513623,"[{""A"": {""X1"": 62, ""X2"": 409, ""Y1"": 1325, ""Y2"": 1448}}, {""B"": {""X1"": 1900, ""X2"": 2237, ""Y1"": 1325, ""Y2"": 1448}}, {""C"": {""X1"": 67, ""X2"": 411, ""Y1"": 1605, ""Y2"": 1728}}, {""D"": {""X1"": 1900, ""X2"": 2238, ""Y1"": 1605, ""Y2"": 1728}}, {""E"": {""X1"": 0, ""X2"": 0, ""Y1"": 0, ""Y2"": 0}}]",False
513630,"crops/mc88yz53ph72vp80ii72spzz","","C",3,"https://xamlvideo.pakodemy.com/?id=513630.xaml",61,1,"8.Sınıf Matematik Soru Bankası","Matematik","Çarpanlar ve Katlar, Üslü İfadeler","Çarpanlar ve Katlar, Üslü İfadeler",4037,"Karma",39,3019999,NULL,"Karma",30199,2,"https://d2cqobm8wcb2vo.cloudfront.net/crops/yntlgs/176396.jpg","","",True,False,"{""Width"":2955,""Height"":1605,""NaturalWidth"" : 394.0, ""NaturalHeight"" :214.0, ""CropWidth"" : 268.0, ""CropHeight"" : 145.6, ""CropWidthRatio"":46.5,""CropHeightRatio"":17.7}",NULL,NULL,NULL,513630,"[{""A"": {""X1"": 61, ""X2"": 418, ""Y1"": 851, ""Y2"": 987}}, {""B"": {""X1"": 1900, ""X2"": 2248, ""Y1"": 851, ""Y2"": 1345}}, {""C"": {""X1"": 66, ""X2"": 418, ""Y1"": 1326, ""Y2"": 1464}}, {""D"": {""X1"": 1900, ""X2"": 2172, ""Y1"": 1326, ""Y2"": 1522}}]",False
513626,"crops/zv81tt61ww49nh49wf23qagk","","D",4,"https://xamlvideo.pakodemy.com/?id=513626.xaml",79,1,"8.Sınıf Matematik Soru Bankası","Matematik","Çarpanlar ve Katlar, Üslü İfadeler","Çarpanlar ve Katlar, Üslü İfadeler",4037,"Karma",39,3019999,NULL,"Karma",30199,2,"https://d2cqobm8wcb2vo.cloudfront.net/crops/yntlgs/176398.jpg","","",True,False,"{""Width"":3015,""Height"":2265,""NaturalWidth"" : 402.0, ""NaturalHeight"" :302.0, ""CropWidth"" : 268.0, ""CropHeight"" : 201.3, ""CropWidthRatio"":46.5,""CropHeightRatio"":24.5}",NULL,NULL,NULL,513626,"[{""A"": {""X1"": 142, ""X2"": 801, ""Y1"": 1235, ""Y2"": 1359}}, {""B"": {""X1"": 152, ""X2"": 802, ""Y1"": 1515, ""Y2"": 1639}}, {""C"": {""X1"": 147, ""X2"": 802, ""Y1"": 1795, ""Y2"": 1919}}, {""D"": {""X1"": 152, ""X2"": 803, ""Y1"": 2075, ""Y2"": 2199}}, {""E"": {""X1"": 0, ""X2"": 0, ""Y1"": 0, ""Y2"": 0}}]",False
513622,"crops/fu71nm52xn80ol77ld96pzsw","","B",4,"https://xamlvideo.pakodemy.com/?id=513622.xaml",78,1,"8.Sınıf Matematik Soru Bankası","Matematik","Çarpanlar ve Katlar, Üslü İfadeler","Çarpanlar ve Katlar, Üslü İfadeler",4037,"Karma",39,3019999,NULL,"Karma",30199,2,"https://d2cqobm8wcb2vo.cloudfront.net/crops/yntlgs/176393.jpg","","",True,False,"{""Width"":2925,""Height"":2265,""NaturalWidth"" : 390.0, ""NaturalHeight"" :302.0, ""CropWidth"" : 268.0, ""CropHeight"" : 207.5, ""CropWidthRatio"":46.5,""CropHeightRatio"":25.3}",NULL,NULL,NULL,NULL,NULL,NULL
513628,"crops/kr85ls27gl12al59ky79jaev","","C",3,"https://xamlvideo.pakodemy.com/?id=513628.xaml",134,1,"8.Sınıf Matematik Soru Bankası","Matematik","Çarpanlar ve Katlar, Üslü İfadeler","Çarpanlar ve Katlar, Üslü İfadeler",4037,"Karma",39,3019999,NULL,"Karma",30199,2,"https://d2cqobm8wcb2vo.cloudfront.net/crops/yntlgs/176403.jpg","","",True,False,"{""Width"":3345,""Height"":3840,""NaturalWidth"" : 446.0, ""NaturalHeight"" :512.0, ""CropWidth"" : 268.0, ""CropHeight"" : 307.7, ""CropWidthRatio"":46.5,""CropHeightRatio"":37.4}",NULL,NULL,NULL,513628,"[{""A"": {""X1"": 62, ""X2"": 339, ""Y1"": 3641, ""Y2"": 3764}}, {""B"": {""X1"": 914, ""X2"": 1177, ""Y1"": 3641, ""Y2"": 3764}}, {""C"": {""X1"": 1747, ""X2"": 2012, ""Y1"": 3641, ""Y2"": 3764}}, {""D"": {""X1"": 2588, ""X2"": 2863, ""Y1"": 3641, ""Y2"": 3764}}, {""E"": {""X1"": 0, ""X2"": 0, ""Y1"": 0, ""Y2"": 0}}]",False
513621,"crops/wr89vt50nm99zz54zy16ihoc","","B",4,"https://xamlvideo.pakodemy.com/?id=513621.xaml",246,1,"8.Sınıf Matematik Soru Bankası","Matematik","Çarpanlar ve Katlar, Üslü İfadeler","Çarpanlar ve Katlar, Üslü İfadeler",4037,"Karma",39,3019999,NULL,"Karma",30199,2,"https://d2cqobm8wcb2vo.cloudfront.net/crops/yntlgs/176392.jpg","","",True,True,"{""Width"":6300,""Height"":3855,""NaturalWidth"" : 840.0, ""NaturalHeight"" :514.0, ""CropWidth"" : 536.0, ""CropHeight"" : 328.0, ""CropWidthRatio"":93.1,""CropHeightRatio"":39.9}",NULL,NULL,NULL,513621,"[{""A"": {""X1"": 73, ""X2"": 296, ""Y1"": 3670, ""Y2"": 3793}}, {""B"": {""X1"": 2067, ""X2"": 2268, ""Y1"": 3670, ""Y2"": 3793}}, {""C"": {""X1"": 4033, ""X2"": 4249, ""Y1"": 3670, ""Y2"": 3793}}, {""D"": {""X1"": 6016, ""X2"": 6228, ""Y1"": 3670, ""Y2"": 3793}}, {""E"": {""X1"": 0, ""X2"": 0, ""Y1"": 0, ""Y2"": 0}}]",False
513637,"crops/tn64fh41cy67lj25fi70iiqj","","A",3,"https://xamlvideo.pakodemy.com/?id=513637.xaml",100,1,"8.Sınıf Matematik Soru Bankası","Matematik","Çarpanlar ve Katlar, Üslü İfadeler","Çarpanlar ve Katlar, Üslü İfadeler",4037,"Karma",39,3019999,NULL,"Karma",30199,2,"https://d2cqobm8wcb2vo.cloudfront.net/crops/yntlgs/176408.jpg","","",True,False,"{""Width"":3030,""Height"":3000,""NaturalWidth"" : 404.0, ""NaturalHeight"" :400.0, ""CropWidth"" : 268.0, ""CropHeight"" : 265.3, ""CropWidthRatio"":46.5,""CropHeightRatio"":32.3}",NULL,NULL,NULL,513637,"[{""A"": {""X1"": 62, ""X2"": 625, ""Y1"": 2536, ""Y2"": 2659}}, {""B"": {""X1"": 1903, ""X2"": 3028, ""Y1"": 2536, ""Y2"": 2662}}, {""C"": {""X1"": 68, ""X2"": 571, ""Y1"": 2816, ""Y2"": 2939}}, {""D"": {""X1"": 1904, ""X2"": 3028, ""Y1"": 2816, ""Y2"": 2939}}, {""E"": {""X1"": 0, ""X2"": 0, ""Y1"": 0, ""Y2"": 0}}]",False
513640,"crops/dn27ac78wg95tf90xy41sxni","","D",2,"https://xamlvideo.pakodemy.com/?id=513640.xaml",57,1,"8.Sınıf Matematik Soru Bankası","Matematik","Çarpanlar ve Katlar, Üslü İfadeler","Çarpanlar ve Katlar, Üslü İfadeler",4037,"Karma",39,3019999,NULL,"Karma",30199,2,"https://d2cqobm8wcb2vo.cloudfront.net/crops/yntlgs/176414.jpg","","",True,False,"{""Width"":3210,""Height"":1320,""NaturalWidth"" : 428.0, ""NaturalHeight"" :176.0, ""CropWidth"" : 268.0, ""CropHeight"" : 110.2, ""CropWidthRatio"":46.5,""CropHeightRatio"":13.4}",NULL,NULL,NULL,513640,"[{""A"": {""X1"": 100, ""X2"": 377, ""Y1"": 1073, ""Y2"": 1196}}, {""B"": {""X1"": 935, ""X2"": 1198, ""Y1"": 1073, ""Y2"": 1196}}, {""C"": {""X1"": 1749, ""X2"": 2015, ""Y1"": 1073, ""Y2"": 1196}}, {""D"": {""X1"": 2573, ""X2"": 2900, ""Y1"": 1073, ""Y2"": 1196}}, {""E"": {""X1"": 0, ""X2"": 0, ""Y1"": 0, ""Y2"": 0}}]",False
513642,"crops/uy55dq51ib37pf68oe89xiaf","","C",3,"https://xamlvideo.pakodemy.com/?id=513642.xaml",192,1,"8.Sınıf Matematik Soru Bankası","Matematik","Çarpanlar ve Katlar, Üslü İfadeler","Çarpanlar ve Katlar, Üslü İfadeler",4037,"Karma",39,3019999,NULL,"Karma",30199,2,"https://d2cqobm8wcb2vo.cloudfront.net/crops/yntlgs/176404.jpg","","",True,True,"{""Width"":6315,""Height"":2955,""NaturalWidth"" : 842.0, ""NaturalHeight"" :394.0, ""CropWidth"" : 536.0, ""CropHeight"" : 250.8, ""CropWidthRatio"":93.1,""CropHeightRatio"":30.5}",NULL,NULL,NULL,513642,"[{""A"": {""X1"": 62, ""X2"": 559, ""Y1"": 2495, ""Y2"": 2618}}, {""B"": {""X1"": 1869, ""X2"": 2487, ""Y1"": 2495, ""Y2"": 2618}}, {""C"": {""X1"": 3793, ""X2"": 4350, ""Y1"": 2495, ""Y2"": 2618}}, {""D"": {""X1"": 5660, ""X2"": 6218, ""Y1"": 2495, ""Y2"": 2618}}, {""E"": {""X1"": 0, ""X2"": 0, ""Y1"": 0, ""Y2"": 0}}]",False
513639,"crops/zw18pf72wf23tb95io92gspi","","B",2,"https://xamlvideo.pakodemy.com/?id=513639.xaml",103,1,"8.Sınıf Matematik Soru Bankası","Matematik","Çarpanlar ve Katlar, Üslü İfadeler","Çarpanlar ve Katlar, Üslü İfadeler",4037,"Karma",39,3019999,NULL,"Karma",30199,2,"https://d2cqobm8wcb2vo.cloudfront.net/crops/yntlgs/176413.jpg","","",True,False,"{""Width"":3165,""Height"":3030,""NaturalWidth"" : 422.0, ""NaturalHeight"" :404.0, ""CropWidth"" : 268.0, ""CropHeight"" : 256.6, ""CropWidthRatio"":46.5,""CropHeightRatio"":31.2}",NULL,NULL,NULL,513639,"[{""A"": {""X1"": 82, ""X2"": 2393, ""Y1"": 2138, ""Y2"": 2261}}, {""B"": {""X1"": 92, ""X2"": 2426, ""Y1"": 2375, ""Y2"": 2498}}, {""C"": {""X1"": 87, ""X2"": 2390, ""Y1"": 2613, ""Y2"": 2736}}, {""D"": {""X1"": 92, ""X2"": 2425, ""Y1"": 2851, ""Y2"": 2974}}, {""E"": {""X1"": 0, ""X2"": 0, ""Y1"": 0, ""Y2"": 0}}]",False
513635,"crops/pf71ov15ek72lw89az90zkby","","C",3,"https://xamlvideo.pakodemy.com/?id=513635.xaml",64,1,"8.Sınıf Matematik Soru Bankası","Matematik","Çarpanlar ve Katlar, Üslü İfadeler","Çarpanlar ve Katlar, Üslü İfadeler",4037,"Karma",39,3019999,NULL,"Karma",30199,2,"https://d2cqobm8wcb2vo.cloudfront.net/crops/yntlgs/176407.jpg","","",True,False,"{""Width"":2940,""Height"":1725,""NaturalWidth"" : 392.0, ""NaturalHeight"" :230.0, ""CropWidth"" : 268.0, ""CropHeight"" : 157.2, ""CropWidthRatio"":46.5,""CropHeightRatio"":19.1}",NULL,NULL,NULL,513635,"[{""A"": {""X1"": 61, ""X2"": 592, ""Y1"": 1259, ""Y2"": 1383}}, {""B"": {""X1"": 1900, ""X2"": 2630, ""Y1"": 1259, ""Y2"": 1383}}, {""C"": {""X1"": 67, ""X2"": 599, ""Y1"": 1538, ""Y2"": 1662}}, {""D"": {""X1"": 1901, ""X2"": 2565, ""Y1"": 1538, ""Y2"": 1662}}, {""E"": {""X1"": 0, ""X2"": 0, ""Y1"": 0, ""Y2"": 0}}]",False
513633,"crops/bo71bf31wu56ma37ss60btpi","","C",4,"https://xamlvideo.pakodemy.com/?id=513633.xaml",60,1,"8.Sınıf Matematik Soru Bankası","Matematik","Çarpanlar ve Katlar, Üslü İfadeler","Çarpanlar ve Katlar, Üslü İfadeler",4037,"Karma",39,3019999,NULL,"Karma",30199,2,"https://d2cqobm8wcb2vo.cloudfront.net/crops/yntlgs/176412.jpg","","",True,False,"{""Width"":3015,""Height"":1530,""NaturalWidth"" : 402.0, ""NaturalHeight"" :204.0, ""CropWidth"" : 268.0, ""CropHeight"" : 136.0, ""CropWidthRatio"":46.5,""CropHeightRatio"":16.6}",NULL,NULL,NULL,513633,"[{""A"": {""X1"": 125, ""X2"": 626, ""Y1"": 1154, ""Y2"": 1277}}, {""B"": {""X1"": 921, ""X2"": 1327, ""Y1"": 1154, ""Y2"": 1277}}, {""C"": {""X1"": 1651, ""X2"": 2139, ""Y1"": 1154, ""Y2"": 1277}}, {""D"": {""X1"": 2435, ""X2"": 2926, ""Y1"": 1154, ""Y2"": 1444}}, {""E"": {""X1"": 0, ""X2"": 0, ""Y1"": 0, ""Y2"": 0}}]",False
513643,"crops/sg18gi66tb45om10qi11cnjb","","B",3,"https://xamlvideo.pakodemy.com/?id=513643.xaml",67,1,"8.Sınıf Matematik Soru Bankası","Matematik","Çarpanlar ve Katlar, Üslü İfadeler","Çarpanlar ve Katlar, Üslü İfadeler",4037,"Karma",39,3019999,NULL,"Karma",30199,2,"https://d2cqobm8wcb2vo.cloudfront.net/crops/yntlgs/176406.jpg","","",True,False,"{""Width"":3000,""Height"":1620,""NaturalWidth"" : 400.0, ""NaturalHeight"" :216.0, ""CropWidth"" : 268.0, ""CropHeight"" : 144.7, ""CropWidthRatio"":46.5,""CropHeightRatio"":17.6}",NULL,NULL,NULL,513643,"[{""A"": {""X1"": 1030, ""X2"": 1256, ""Y1"": 1322, ""Y2"": 1445}}, {""B"": {""X1"": 1608, ""X2"": 1811, ""Y1"": 1322, ""Y2"": 1445}}, {""C"": {""X1"": 2160, ""X2"": 2375, ""Y1"": 1322, ""Y2"": 1445}}, {""D"": {""X1"": 2727, ""X2"": 2939, ""Y1"": 1322, ""Y2"": 1445}}, {""E"": {""X1"": 0, ""X2"": 0, ""Y1"": 0, ""Y2"": 0}}]",False
513634,"crops/qo51op85mb48hn23qz27dotz","","D",4,"https://xamlvideo.pakodemy.com/?id=513634.xaml",103,1,"8.Sınıf Matematik Soru Bankası","Matematik","Çarpanlar ve Katlar, Üslü İfadeler","Çarpanlar ve Katlar, Üslü İfadeler",4037,"Karma",39,3019999,NULL,"Karma",30199,2,"https://d2cqobm8wcb2vo.cloudfront.net/crops/yntlgs/176405.jpg","","",True,False,"{""Width"":2910,""Height"":3195,""NaturalWidth"" : 388.0, ""NaturalHeight"" :426.0, ""CropWidth"" : 268.0, ""CropHeight"" : 294.2, ""CropWidthRatio"":46.5,""CropHeightRatio"":35.8}",NULL,NULL,NULL,513634,"[{""A"": {""X1"": 62, ""X2"": 483, ""Y1"": 2734, ""Y2"": 2857}}, {""B"": {""X1"": 1900, ""X2"": 2314, ""Y1"": 2734, ""Y2"": 2857}}, {""C"": {""X1"": 67, ""X2"": 481, ""Y1"": 3014, ""Y2"": 3137}}, {""D"": {""X1"": 1901, ""X2"": 2314, ""Y1"": 3014, ""Y2"": 3137}}, {""E"": {""X1"": 0, ""X2"": 0, ""Y1"": 0, ""Y2"": 0}}]",False
513641,"crops/ed40jk77te34wl96im42gsyj","","C",3,"https://xamlvideo.pakodemy.com/?id=513641.xaml",131,1,"8.Sınıf Matematik Soru Bankası","Matematik","Çarpanlar ve Katlar, Üslü İfadeler","Çarpanlar ve Katlar, Üslü İfadeler",4037,"Karma",39,3019999,NULL,"Karma",30199,2,"https://d2cqobm8wcb2vo.cloudfront.net/crops/yntlgs/176415.jpg","","",True,False,"{""Width"":3210,""Height"":3060,""NaturalWidth"" : 428.0, ""NaturalHeight"" :408.0, ""CropWidth"" : 268.0, ""CropHeight"" : 255.5, ""CropWidthRatio"":46.5,""CropHeightRatio"":31.1}",NULL,NULL,NULL,513641,"[{""A"": {""X1"": 63, ""X2"": 394, ""Y1"": 2602, ""Y2"": 2725}}, {""B"": {""X1"": 1900, ""X2"": 2222, ""Y1"": 2602, ""Y2"": 2725}}, {""C"": {""X1"": 67, ""X2"": 394, ""Y1"": 2882, ""Y2"": 3005}}, {""D"": {""X1"": 1900, ""X2"": 2222, ""Y1"": 2882, ""Y2"": 3005}}, {""E"": {""X1"": 0, ""X2"": 0, ""Y1"": 0, ""Y2"": 0}}]",False
513636,"crops/wr78qk19zt52ps31xj82yiic","","C",5,"https://xamlvideo.pakodemy.com/?id=513636.xaml",48,1,"8.Sınıf Matematik Soru Bankası","Matematik","Çarpanlar ve Katlar, Üslü İfadeler","Çarpanlar ve Katlar, Üslü İfadeler",4037,"Karma",39,3019999,NULL,"Karma",30199,2,"https://d2cqobm8wcb2vo.cloudfront.net/crops/yntlgs/176409.jpg","","",True,False,"{""Width"":3015,""Height"":1050,""NaturalWidth"" : 402.0, ""NaturalHeight"" :140.0, ""CropWidth"" : 268.0, ""CropHeight"" : 93.3, ""CropWidthRatio"":46.5,""CropHeightRatio"":11.4}",NULL,NULL,NULL,513636,"[{""A"": {""X1"": 133, ""X2"": 429, ""Y1"": 764, ""Y2"": 887}}, {""B"": {""X1"": 984, ""X2"": 1261, ""Y1"": 764, ""Y2"": 887}}, {""C"": {""X1"": 1808, ""X2"": 2096, ""Y1"": 764, ""Y2"": 887}}, {""D"": {""X1"": 2647, ""X2"": 2933, ""Y1"": 764, ""Y2"": 887}}, {""E"": {""X1"": 0, ""X2"": 0, ""Y1"": 0, ""Y2"": 0}}]",False
513632,"crops/lc30rd72du47wf46yb27ektk","","B",3,"https://xamlvideo.pakodemy.com/?id=513632.xaml",61,1,"8.Sınıf Matematik Soru Bankası","Matematik","Çarpanlar ve Katlar, Üslü İfadeler","Çarpanlar ve Katlar, Üslü İfadeler",4037,"Karma",39,3019999,NULL,"Karma",30199,2,"https://d2cqobm8wcb2vo.cloudfront.net/crops/yntlgs/176411.jpg","","",True,False,"{""Width"":2985,""Height"":1575,""NaturalWidth"" : 398.0, ""NaturalHeight"" :210.0, ""CropWidth"" : 268.0, ""CropHeight"" : 141.4, ""CropWidthRatio"":46.5,""CropHeightRatio"":17.2}",NULL,NULL,NULL,513632,"[{""A"": {""X1"": 124, ""X2"": 745, ""Y1"": 1154, ""Y2"": 1277}}, {""B"": {""X1"": 1751, ""X2"": 2361, ""Y1"": 1154, ""Y2"": 1277}}, {""C"": {""X1"": 129, ""X2"": 797, ""Y1"": 1391, ""Y2"": 1514}}, {""D"": {""X1"": 1751, ""X2"": 2413, ""Y1"": 1391, ""Y2"": 1514}}, {""E"": {""X1"": 0, ""X2"": 0, ""Y1"": 0, ""Y2"": 0}}]",False
513638,"crops/dq80xk32we76im68bj45awyn","","B",2,"https://xamlvideo.pakodemy.com/?id=513638.xaml",70,1,"8.Sınıf Matematik Soru Bankası","Matematik","Çarpanlar ve Katlar, Üslü İfadeler","Çarpanlar ve Katlar, Üslü İfadeler",4037,"Karma",39,3019999,NULL,"Karma",30199,2,"https://d2cqobm8wcb2vo.cloudfront.net/crops/yntlgs/176410.jpg","","",True,False,"{""Width"":2865,""Height"":2010,""NaturalWidth"" : 382.0, ""NaturalHeight"" :268.0, ""CropWidth"" : 268.0, ""CropHeight"" : 188.0, ""CropWidthRatio"":46.5,""CropHeightRatio"":22.9}",NULL,NULL,NULL,NULL,NULL,NULL
513656,"crops/dm49vx53pp26gr24yq55xtgx","","A",1,"https://xamlvideo.pakodemy.com/?id=513656.xaml",81,1,"8.Sınıf Matematik Soru Bankası","Matematik","Çarpanlar ve Katlar, Üslü İfadeler","Çarpanlar ve Katlar, Üslü İfadeler",4037,"Karma",39,3019999,NULL,"Karma",30199,2,"https://d2cqobm8wcb2vo.cloudfront.net/crops/yntlgs/176422.jpg","","",True,False,"{""Width"":3210,""Height"":2070,""NaturalWidth"" : 428.0, ""NaturalHeight"" :276.0, ""CropWidth"" : 268.0, ""CropHeight"" : 172.8, ""CropWidthRatio"":46.5,""CropHeightRatio"":21}",NULL,NULL,NULL,513656,"[{""A"": {""X1"": 360, ""X2"": 586, ""Y1"": 1892, ""Y2"": 2015}}, {""B"": {""X1"": 1234, ""X2"": 1435, ""Y1"": 1892, ""Y2"": 2015}}, {""C"": {""X1"": 2080, ""X2"": 2296, ""Y1"": 1892, ""Y2"": 2015}}, {""D"": {""X1"": 2943, ""X2"": 3156, ""Y1"": 1892, ""Y2"": 2015}}, {""E"": {""X1"": 0, ""X2"": 0, ""Y1"": 0, ""Y2"": 0}}]",False
513650,"crops/hg11yu53mz99sc51vl14ykki","","C",3,"https://xamlvideo.pakodemy.com/?id=513650.xaml",49,1,"8.Sınıf Matematik Soru Bankası","Matematik","Çarpanlar ve Katlar, Üslü İfadeler","Çarpanlar ve Katlar, Üslü İfadeler",4037,"Karma",39,3019999,NULL,"Karma",30199,2,"https://d2cqobm8wcb2vo.cloudfront.net/crops/yntlgs/176423.jpg","","",True,False,"{""Width"":3045,""Height"":1065,""NaturalWidth"" : 406.0, ""NaturalHeight"" :142.0, ""CropWidth"" : 268.0, ""CropHeight"" : 93.7, ""CropWidthRatio"":46.5,""CropHeightRatio"":11.4}",NULL,NULL,NULL,513650,"[{""A"": {""X1"": 160, ""X2"": 439, ""Y1"": 874, ""Y2"": 997}}, {""B"": {""X1"": 1013, ""X2"": 1274, ""Y1"": 874, ""Y2"": 997}}, {""C"": {""X1"": 1845, ""X2"": 2112, ""Y1"": 874, ""Y2"": 997}}, {""D"": {""X1"": 2687, ""X2"": 2959, ""Y1"": 874, ""Y2"": 997}}, {""E"": {""X1"": 0, ""X2"": 0, ""Y1"": 0, ""Y2"": 0}}]",False
513654,"crops/tb17fa88lr26cx74zp22hdpm","","B",3,"https://xamlvideo.pakodemy.com/?id=513654.xaml",57,1,"8.Sınıf Matematik Soru Bankası","Matematik","Çarpanlar ve Katlar, Üslü İfadeler","Çarpanlar ve Katlar, Üslü İfadeler",4037,"Karma",39,3019999,NULL,"Karma",30199,2,"https://d2cqobm8wcb2vo.cloudfront.net/crops/yntlgs/176424.jpg","","",True,False,"{""Width"":3045,""Height"":1380,""NaturalWidth"" : 406.0, ""NaturalHeight"" :184.0, ""CropWidth"" : 268.0, ""CropHeight"" : 121.5, ""CropWidthRatio"":46.5,""CropHeightRatio"":14.8}",NULL,NULL,NULL,513654,"[{""A"": {""X1"": 160, ""X2"": 690, ""Y1"": 959, ""Y2"": 1082}}, {""B"": {""X1"": 1785, ""X2"": 2378, ""Y1"": 959, ""Y2"": 1082}}, {""C"": {""X1"": 165, ""X2"": 762, ""Y1"": 1196, ""Y2"": 1319}}, {""D"": {""X1"": 1786, ""X2"": 2306, ""Y1"": 1196, ""Y2"": 1319}}, {""E"": {""X1"": 0, ""X2"": 0, ""Y1"": 0, ""Y2"": 0}}]",False
513644,"crops/wi67fo19xk89fm91rp76rdkg","","A",3,"https://xamlvideo.pakodemy.com/?id=513644.xaml",228,1,"8.Sınıf Matematik Soru Bankası","Matematik","Çarpanlar ve Katlar, Üslü İfadeler","Çarpanlar ve Katlar, Üslü İfadeler",4037,"Karma",39,3019999,NULL,"Karma",30199,2,"https://d2cqobm8wcb2vo.cloudfront.net/crops/yntlgs/176416.jpg","","",True,True,"{""Width"":6330,""Height"":3570,""NaturalWidth"" : 844.0, ""NaturalHeight"" :476.0, ""CropWidth"" : 536.0, ""CropHeight"" : 302.3, ""CropWidthRatio"":93.1,""CropHeightRatio"":36.8}",NULL,NULL,NULL,513644,"[{""A"": {""X1"": 142, ""X2"": 367, ""Y1"": 3139, ""Y2"": 3262}}, {""B"": {""X1"": 2136, ""X2"": 2337, ""Y1"": 3139, ""Y2"": 3262}}, {""C"": {""X1"": 4103, ""X2"": 4315, ""Y1"": 3139, ""Y2"": 3262}}, {""D"": {""X1"": 6086, ""X2"": 6301, ""Y1"": 3139, ""Y2"": 3262}}, {""E"": {""X1"": 0, ""X2"": 0, ""Y1"": 0, ""Y2"": 0}}]",False
513649,"crops/xg61ly58tu88bh39qd21gxfp","","A",2,"https://xamlvideo.pakodemy.com/?id=513649.xaml",56,1,"8.Sınıf Matematik Soru Bankası","Matematik","Çarpanlar ve Katlar, Üslü İfadeler","Çarpanlar ve Katlar, Üslü İfadeler",4037,"Karma",39,3019999,NULL,"Karma",30199,2,"https://d2cqobm8wcb2vo.cloudfront.net/crops/yntlgs/176428.jpg","","",True,False,"{""Width"":3150,""Height"":1290,""NaturalWidth"" : 420.0, ""NaturalHeight"" :172.0, ""CropWidth"" : 268.0, ""CropHeight"" : 109.8, ""CropWidthRatio"":46.5,""CropHeightRatio"":13.4}",NULL,NULL,NULL,513649,"[{""A"": {""X1"": 65, ""X2"": 414, ""Y1"": 762, ""Y2"": 885}}, {""B"": {""X1"": 1903, ""X2"": 2240, ""Y1"": 762, ""Y2"": 885}}, {""C"": {""X1"": 70, ""X2"": 414, ""Y1"": 1042, ""Y2"": 1165}}, {""D"": {""X1"": 1904, ""X2"": 2246, ""Y1"": 1042, ""Y2"": 1165}}, {""E"": {""X1"": 0, ""X2"": 0, ""Y1"": 0, ""Y2"": 0}}]",False
513646,"crops/gs89le54qc60aa23vr53jmnx","","C",3,"https://xamlvideo.pakodemy.com/?id=513646.xaml",75,1,"8.Sınıf Matematik Soru Bankası","Matematik","Çarpanlar ve Katlar, Üslü İfadeler","Çarpanlar ve Katlar, Üslü İfadeler",4037,"Karma",39,3019999,NULL,"Karma",30199,2,"https://d2cqobm8wcb2vo.cloudfront.net/crops/yntlgs/176418.jpg","","",True,False,"{""Width"":2925,""Height"":1905,""NaturalWidth"" : 390.0, ""NaturalHeight"" :254.0, ""CropWidth"" : 268.0, ""CropHeight"" : 174.5, ""CropWidthRatio"":46.5,""CropHeightRatio"":21.2}",NULL,NULL,NULL,513646,"[{""A"": {""X1"": 62, ""X2"": 361, ""Y1"": 1720, ""Y2"": 1843}}, {""B"": {""X1"": 888, ""X2"": 1165, ""Y1"": 1720, ""Y2"": 1843}}, {""C"": {""X1"": 1687, ""X2"": 1974, ""Y1"": 1720, ""Y2"": 1843}}, {""D"": {""X1"": 2502, ""X2"": 2861, ""Y1"": 1720, ""Y2"": 1843}}, {""E"": {""X1"": 0, ""X2"": 0, ""Y1"": 0, ""Y2"": 0}}]",False
513647,"crops/am96mf21ut83hh67kf10nska","","D",3,"https://xamlvideo.pakodemy.com/?id=513647.xaml",42,1,"8.Sınıf Matematik Soru Bankası","Matematik","Çarpanlar ve Katlar, Üslü İfadeler","Çarpanlar ve Katlar, Üslü İfadeler",4037,"Karma",39,3019999,NULL,"Karma",30199,2,"https://d2cqobm8wcb2vo.cloudfront.net/crops/yntlgs/176420.jpg","","",True,False,"{""Width"":2925,""Height"":840,""NaturalWidth"" : 390.0, ""NaturalHeight"" :112.0, ""CropWidth"" : 268.0, ""CropHeight"" : 77.0, ""CropWidthRatio"":46.5,""CropHeightRatio"":9.4}",NULL,NULL,NULL,513647,"[{""A"": {""X1"": 61, ""X2"": 285, ""Y1"": 656, ""Y2"": 779}}, {""B"": {""X1"": 888, ""X2"": 1089, ""Y1"": 656, ""Y2"": 779}}, {""C"": {""X1"": 1687, ""X2"": 1971, ""Y1"": 656, ""Y2"": 779}}, {""D"": {""X1"": 2574, ""X2"": 2860, ""Y1"": 656, ""Y2"": 779}}, {""E"": {""X1"": 0, ""X2"": 0, ""Y1"": 0, ""Y2"": 0}}]",False
513645,"crops/wl97wj38au59cn76aa59jpkx","","C",4,"https://xamlvideo.pakodemy.com/?id=513645.xaml",71,1,"8.Sınıf Matematik Soru Bankası","Matematik","Çarpanlar ve Katlar, Üslü İfadeler","Çarpanlar ve Katlar, Üslü İfadeler",4037,"Karma",39,3019999,NULL,"Karma",30199,2,"https://d2cqobm8wcb2vo.cloudfront.net/crops/yntlgs/176417.jpg","","",True,False,"{""Width"":2925,""Height"":1980,""NaturalWidth"" : 390.0, ""NaturalHeight"" :264.0, ""CropWidth"" : 268.0, ""CropHeight"" : 181.4, ""CropWidthRatio"":46.5,""CropHeightRatio"":22.1}",NULL,NULL,NULL,513645,"[{""A"": {""X1"": 62, ""X2"": 593, ""Y1"": 1520, ""Y2"": 1643}}, {""B"": {""X1"": 1901, ""X2"": 2422, ""Y1"": 1520, ""Y2"": 1643}}, {""C"": {""X1"": 67, ""X2"": 592, ""Y1"": 1800, ""Y2"": 1923}}, {""D"": {""X1"": 1901, ""X2"": 2421, ""Y1"": 1800, ""Y2"": 1923}}, {""E"": {""X1"": 0, ""X2"": 0, ""Y1"": 0, ""Y2"": 0}}]",False
513653,"crops/bk14lw60oo12vi40ul20zbcj","","A",3,"https://xamlvideo.pakodemy.com/?id=513653.xaml",59,1,"8.Sınıf Matematik Soru Bankası","Matematik","Çarpanlar ve Katlar, Üslü İfadeler","Çarpanlar ve Katlar, Üslü İfadeler",4037,"Karma",39,3019999,NULL,"Karma",30199,2,"https://d2cqobm8wcb2vo.cloudfront.net/crops/yntlgs/176427.jpg","","",True,False,"{""Width"":3300,""Height"":1335,""NaturalWidth"" : 440.0, ""NaturalHeight"" :178.0, ""CropWidth"" : 268.0, ""CropHeight"" : 108.4, ""CropWidthRatio"":46.5,""CropHeightRatio"":13.2}",NULL,NULL,NULL,513653,"[{""A"": {""X1"": 75, ""X2"": 350, ""Y1"": 1154, ""Y2"": 1277}}, {""B"": {""X1"": 926, ""X2"": 1190, ""Y1"": 1154, ""Y2"": 1277}}, {""C"": {""X1"": 1759, ""X2"": 2024, ""Y1"": 1154, ""Y2"": 1277}}, {""D"": {""X1"": 2600, ""X2"": 2872, ""Y1"": 1154, ""Y2"": 1277}}, {""E"": {""X1"": 0, ""X2"": 0, ""Y1"": 0, ""Y2"": 0}}]",False
513652,"crops/mg57ot27rk82ig34mq74ydgz","","D",3,"https://xamlvideo.pakodemy.com/?id=513652.xaml",54,1,"8.Sınıf Matematik Soru Bankası","Matematik","Çarpanlar ve Katlar, Üslü İfadeler","Çarpanlar ve Katlar, Üslü İfadeler",4037,"Karma",39,3019999,NULL,"Karma",30199,2,"https://d2cqobm8wcb2vo.cloudfront.net/crops/yntlgs/176426.jpg","","",True,False,"{""Width"":3165,""Height"":1215,""NaturalWidth"" : 422.0, ""NaturalHeight"" :162.0, ""CropWidth"" : 268.0, ""CropHeight"" : 102.9, ""CropWidthRatio"":46.5,""CropHeightRatio"":12.5}",NULL,NULL,NULL,513652,"[{""A"": {""X1"": 100, ""X2"": 376, ""Y1"": 805, ""Y2"": 928}}, {""B"": {""X1"": 953, ""X2"": 1217, ""Y1"": 805, ""Y2"": 928}}, {""C"": {""X1"": 1785, ""X2"": 2053, ""Y1"": 805, ""Y2"": 928}}, {""D"": {""X1"": 2627, ""X2"": 2898, ""Y1"": 805, ""Y2"": 928}}, {""E"": {""X1"": 0, ""X2"": 0, ""Y1"": 0, ""Y2"": 0}}]",False
513648,"crops/wf21go83ui24nb73cf27ppno","","C",2,"https://xamlvideo.pakodemy.com/?id=513648.xaml",56,1,"8.Sınıf Matematik Soru Bankası","Matematik","Çarpanlar ve Katlar, Üslü İfadeler","Çarpanlar ve Katlar, Üslü İfadeler",4037,"Karma",39,3019999,NULL,"Karma",30199,2,"https://d2cqobm8wcb2vo.cloudfront.net/crops/yntlgs/176421.jpg","","",True,False,"{""Width"":2985,""Height"":1380,""NaturalWidth"" : 398.0, ""NaturalHeight"" :184.0, ""CropWidth"" : 268.0, ""CropHeight"" : 123.9, ""CropWidthRatio"":46.5,""CropHeightRatio"":15.1}",NULL,NULL,NULL,513648,"[{""A"": {""X1"": 133, ""X2"": 432, ""Y1"": 959, ""Y2"": 1082}}, {""B"": {""X1"": 960, ""X2"": 1233, ""Y1"": 959, ""Y2"": 1082}}, {""C"": {""X1"": 1759, ""X2"": 2046, ""Y1"": 959, ""Y2"": 1082}}, {""D"": {""X1"": 2573, ""X2"": 2930, ""Y1"": 959, ""Y2"": 1082}}, {""E"": {""X1"": 0, ""X2"": 0, ""Y1"": 0, ""Y2"": 0}}]",False
513655,"crops/qp43xc88sf70os74qq42okbj","","C",4,"https://xamlvideo.pakodemy.com/?id=513655.xaml",114,1,"8.Sınıf Matematik Soru Bankası","Matematik","Çarpanlar ve Katlar, Üslü İfadeler","Çarpanlar ve Katlar, Üslü İfadeler",4037,"Karma",39,3019999,NULL,"Karma",30199,2,"https://d2cqobm8wcb2vo.cloudfront.net/crops/yntlgs/176419.jpg","","",True,False,"{""Width"":2940,""Height"":3405,""NaturalWidth"" : 392.0, ""NaturalHeight"" :454.0, ""CropWidth"" : 268.0, ""CropHeight"" : 310.4, ""CropWidthRatio"":46.5,""CropHeightRatio"":37.8}",NULL,NULL,NULL,513655,"[{""A"": {""X1"": 61, ""X2"": 610, ""Y1"": 2979, ""Y2"": 3102}}, {""B"": {""X1"": 1688, ""X2"": 2299, ""Y1"": 2979, ""Y2"": 3102}}, {""C"": {""X1"": 67, ""X2"": 753, ""Y1"": 3217, ""Y2"": 3340}}, {""D"": {""X1"": 1687, ""X2"": 2297, ""Y1"": 3217, ""Y2"": 3340}}, {""E"": {""X1"": 0, ""X2"": 0, ""Y1"": 0, ""Y2"": 0}}]",False
513651,"crops/zo68pb80rv69hu39al59btti","","B",3,"https://xamlvideo.pakodemy.com/?id=513651.xaml",118,1,"8.Sınıf Matematik Soru Bankası","Matematik","Çarpanlar ve Katlar, Üslü İfadeler","Çarpanlar ve Katlar, Üslü İfadeler",4037,"Karma",39,3019999,NULL,"Karma",30199,2,"https://d2cqobm8wcb2vo.cloudfront.net/crops/yntlgs/176425.jpg","","",True,False,"{""Width"":3285,""Height"":2265,""NaturalWidth"" : 438.0, ""NaturalHeight"" :302.0, ""CropWidth"" : 268.0, ""CropHeight"" : 184.8, ""CropWidthRatio"":46.5,""CropHeightRatio"":22.5}",NULL,NULL,NULL,513651,"[{""A"": {""X1"": 83, ""X2"": 361, ""Y1"": 1802, ""Y2"": 1925}}, {""B"": {""X1"": 1921, ""X2"": 2188, ""Y1"": 1802, ""Y2"": 1925}}, {""C"": {""X1"": 88, ""X2"": 430, ""Y1"": 2081, ""Y2"": 2204}}, {""D"": {""X1"": 1921, ""X2"": 2260, ""Y1"": 2081, ""Y2"": 2204}}, {""E"": {""X1"": 0, ""X2"": 0, ""Y1"": 0, ""Y2"": 0}}]",False
513667,"crops/nd20me41sf42hw62jb12yjem","","B",4,"https://xamlvideo.pakodemy.com/?id=513667.xaml",60,1,"8.Sınıf Matematik Soru Bankası","Matematik","Çarpanlar ve Katlar, Üslü İfadeler","Çarpanlar ve Katlar, Üslü İfadeler",4037,"Karma",39,3019999,NULL,"Karma",30199,2,"https://d2cqobm8wcb2vo.cloudfront.net/crops/yntlgs/176440.jpg","","",True,False,"{""Width"":3180,""Height"":1425,""NaturalWidth"" : 424.0, ""NaturalHeight"" :190.0, ""CropWidth"" : 268.0, ""CropHeight"" : 120.1, ""CropWidthRatio"":46.5,""CropHeightRatio"":14.6}",NULL,NULL,NULL,513667,"[{""A"": {""X1"": 109, ""X2"": 672, ""Y1"": 959, ""Y2"": 1082}}, {""B"": {""X1"": 1947, ""X2"": 2553, ""Y1"": 959, ""Y2"": 1082}}, {""C"": {""X1"": 114, ""X2"": 672, ""Y1"": 1239, ""Y2"": 1362}}, {""D"": {""X1"": 1947, ""X2"": 2500, ""Y1"": 1239, ""Y2"": 1362}}, {""E"": {""X1"": 0, ""X2"": 0, ""Y1"": 0, ""Y2"": 0}}]",False
513660,"crops/dj53nm98er46ml31vj58wofr","","C",4,"https://xamlvideo.pakodemy.com/?id=513660.xaml",191,1,"8.Sınıf Matematik Soru Bankası","Matematik","Çarpanlar ve Katlar, Üslü İfadeler","Çarpanlar ve Katlar, Üslü İfadeler",4037,"Karma",39,3019999,NULL,"Karma",30199,2,"https://d2cqobm8wcb2vo.cloudfront.net/crops/yntlgs/176434.jpg","","",True,False,"{""Width"":2985,""Height"":5520,""NaturalWidth"" : 398.0, ""NaturalHeight"" :736.0, ""CropWidth"" : 268.0, ""CropHeight"" : 495.6, ""CropWidthRatio"":46.5,""CropHeightRatio"":60.3}",NULL,NULL,NULL,513660,"[{""A"": {""X1"": 124, ""X2"": 1261, ""Y1"": 3579, ""Y2"": 3714}}, {""B"": {""X1"": 1733, ""X2"": 2723, ""Y1"": 3579, ""Y2"": 4337}}, {""C"": {""X1"": 129, ""X2"": 1282, ""Y1"": 4597, ""Y2"": 4723}}, {""D"": {""X1"": 1692, ""X2"": 2714, ""Y1"": 4597, ""Y2"": 5324}}]",False
513666,"crops/bd75tu74od94un89jl46rmmc","","D",4,"https://xamlvideo.pakodemy.com/?id=513666.xaml",59,1,"8.Sınıf Matematik Soru Bankası","Matematik","Çarpanlar ve Katlar, Üslü İfadeler","Çarpanlar ve Katlar, Üslü İfadeler",4037,"Karma",39,3019999,NULL,"Karma",30199,2,"https://d2cqobm8wcb2vo.cloudfront.net/crops/yntlgs/176439.jpg","","",True,False,"{""Width"":3135,""Height"":1425,""NaturalWidth"" : 418.0, ""NaturalHeight"" :190.0, ""CropWidth"" : 268.0, ""CropHeight"" : 121.8, ""CropWidthRatio"":46.5,""CropHeightRatio"":14.8}",NULL,NULL,NULL,513666,"[{""A"": {""X1"": 57, ""X2"": 402, ""Y1"": 959, ""Y2"": 1083}}, {""B"": {""X1"": 1895, ""X2"": 2280, ""Y1"": 959, ""Y2"": 1083}}, {""C"": {""X1"": 61, ""X2"": 474, ""Y1"": 1239, ""Y2"": 1363}}, {""D"": {""X1"": 1894, ""X2"": 2352, ""Y1"": 1239, ""Y2"": 1363}}, {""E"": {""X1"": 0, ""X2"": 0, ""Y1"": 0, ""Y2"": 0}}]",False
513668,"crops/hf85xw61nw52kx88nf57vysj","","B",2,"https://xamlvideo.pakodemy.com/?id=513668.xaml",54,1,"8.Sınıf Matematik Soru Bankası","Matematik","Çarpanlar ve Katlar, Üslü İfadeler","Çarpanlar ve Katlar, Üslü İfadeler",4037,"Karma",39,3019999,NULL,"Karma",30199,2,"https://d2cqobm8wcb2vo.cloudfront.net/crops/yntlgs/176441.jpg","","",True,False,"{""Width"":3195,""Height"":1200,""NaturalWidth"" : 426.0, ""NaturalHeight"" :160.0, ""CropWidth"" : 268.0, ""CropHeight"" : 100.7, ""CropWidthRatio"":46.5,""CropHeightRatio"":12.3}",NULL,NULL,NULL,513668,"[{""A"": {""X1"": 30, ""X2"": 553, ""Y1"": 946, ""Y2"": 1069}}, {""B"": {""X1"": 877, ""X2"": 1194, ""Y1"": 946, ""Y2"": 1069}}, {""C"": {""X1"": 1510, ""X2"": 2076, ""Y1"": 946, ""Y2"": 1069}}, {""D"": {""X1"": 2399, ""X2"": 2828, ""Y1"": 946, ""Y2"": 1069}}, {""E"": {""X1"": 0, ""X2"": 0, ""Y1"": 0, ""Y2"": 0}}]",False
